timestamp,blockNumber,transactionHash,originChainId,originBridge,debt_185,debt_690,debt_1135,debt_1868,debt_1923,debt_2741,debt_7560,debt_42170,debt_43111,debt_60808,debt_84532,debt_543210,debt_7777777,debt_888888888,newDebt,cumulativeDebt,actualDebt
1742845751,22118957,0xa47a529157451f2b8c5d9cc8bdf76dcdc61771fa535e6e728820d0f723a2165f,1135,0x31bb91fFb28b7b849a7e08a3fa7d31f393E78eFD,,,1000000000000000,,,,,,,,,,,,1000000000000000,1000000000000000,1000000000000000
1743036611,22134776,0x727c9a5474d8d934b32677a722dab029cfdc58854b64ee7488bb43759db37058,1135,0x31bb91fFb28b7b849a7e08a3fa7d31f393E78eFD,,,2000000000000000,,,,,,,,,,,,2000000000000000,2000000000000000,2000000000000000
1743106691,22140588,0x3fb781a70822e2076d97a7a47c304848ca75ee9e99cbc274e97b94c8d6973989,1135,0x31bb91fFb28b7b849a7e08a3fa7d31f393E78eFD,,,3000000000000000,,,,,,,,,,,,3000000000000000,3000000000000000,3000000000000000
1743116519,22141401,0x861ec4aec87d1fd7b495d8910607f253b9f449f2d846e32e665e847d4d116c8d,1135,0x31bb91fFb28b7b849a7e08a3fa7d31f393E78eFD,,,9680241121683858330,,,,,,,,,,,,9680241121683858330,9680241121683858330,9680241121683858330
1743626411,22183676,0x7564ea51993726967cb8a0604bd90ad88c39ae5a54ddc16aca6cca1cec517d13,1868,0xea65940bb6C3691c83b86D3b7Fa7C8bbeABDA409,,,9680241121683858330,1000000000000000,,,,,,,,,,,9681241121683858330,9681241121683858330,9681241121683858330
1743802163,22198249,0xf59edc580d06df8885fd5e93e5d53a6be4c25aa40afbd2f68fdfb439d120a44c,1135,0x31bb91fFb28b7b849a7e08a3fa7d31f393E78eFD,,,0,1000000000000000,,,,,,,,,,,1000000000000000,1000000000000000,1000000000000000
1744233683,22234004,0x47112a8b55290475242160dd13c5e67ca5b489e428c9d268261aa474859330ef,1868,0xea65940bb6C3691c83b86D3b7Fa7C8bbeABDA409,,,0,6122052402397553384,,,,,,,,,,,6122052402397553384,6122052402397553384,6122052402397553384
1744305383,22239963,0x9d22507366cbe7aabccb9cb393ec0586287aea0a90871446547ab1249b6aae4d,888888888,0x31bb91fFb28b7b849a7e08a3fa7d31f393E78eFD,,,0,6122052402397553384,,,,,,,,,,100000000000000,6122152402397553384,6122152402397553384,6122152402397553384
1744313819,22240664,0x6608736bbe003a6459513cefba34c29df9388b6ef8234176a919658f14f655f3,2741,0x5A5e4b0944b59Ca16B8F0Ef9B5eC0258B3cad08B,,,0,6122052402397553384,,100000000000000,,,,,,,,100000000000000,6122252402397553384,6122252402397553384,6122252402397553384
1744316291,22240865,0x35e4d7699ac23a20a9aa80535431e1c3045e973c4581a35363dc4d9125984af4,7560,0x31bb91fFb28b7b849a7e08a3fa7d31f393E78eFD,,,0,6122052402397553384,,100000000000000,1000000000000000,,,,,,,100000000000000,6123252402397553384,6123252402397553384,6123252402397553384
1744317647,22240978,0x06c195ff5f0d52282329638e5eba57d7e129b7fd5a8cbe4a07cb2100d7b3d076,690,0x31bb91fFb28b7b849a7e08a3fa7d31f393E78eFD,,1000000000000000,0,6122052402397553384,,100000000000000,1000000000000000,,,,,,,100000000000000,6124252402397553384,6124252402397553384,6124252402397553384
1744318511,22241050,0x0b0db04c46aa239cfbddef71bd452f2c8b3da360702d5be580b8dac5167e696d,185,0x31bb91fFb28b7b849a7e08a3fa7d31f393E78eFD,1000000000000000,1000000000000000,0,6122052402397553384,,100000000000000,1000000000000000,,,,,,,100000000000000,6125252402397553384,6125252402397553384,6125252402397553384
1744381223,22246258,0x6674661bca89d079db34f8240ebc8ef1b6a2fb48f099196d1d79900e99cd3767,543210,0x5A5e4b0944b59Ca16B8F0Ef9B5eC0258B3cad08B,1000000000000000,1000000000000000,0,6122052402397553384,,100000000000000,1000000000000000,,,,,100000000000000,,100000000000000,6125352402397553384,6125352402397553384,6125352402397553384
1744395575,22247448,0x60b911e295146c979227da89767ac4976e51e51ae4c5ba1e9bbe7403aec8df6e,42170,0x31bb91fFb28b7b849a7e08a3fa7d31f393E78eFD,1000000000000000,1000000000000000,0,6122052402397553384,,100000000000000,1000000000000000,1000000000000000,,,,100000000000000,,100000000000000,6126352402397553384,6126352402397553384,6126352402397553384
1744676483,22270774,0xd0c228f2c0cdfd3ebf555dc8c03e14b435d9ca2401bee87f6e30607f61dd6343,185,0x31bb91fFb28b7b849a7e08a3fa7d31f393E78eFD,3235385339780147496,1000000000000000,0,6122052402397553384,,100000000000000,1000000000000000,1000000000000000,,,,100000000000000,,100000000000000,9360737742177700880,9360737742177700880,9360737742177700880
1744814387,22282210,0x0e7f04e9b63dbbcdce6ce1db92872d35b1ba90c397c28f0b0ad8a566b2844b7a,43111,0xCd37d407C9eE489ACfF2c014a426C797E0a3f03f,3235385339780147496,1000000000000000,0,6122052402397553384,,100000000000000,1000000000000000,1000000000000000,100000000000000,,,100000000000000,,100000000000000,9360837742177700880,9360837742177700880,9360837742177700880
1744814399,22282211,0xd5a4316776d995fef36d459b9eadcca16479c8ffe57c0b87a769ade3a89c193d,60808,0xCd37d407C9eE489ACfF2c014a426C797E0a3f03f,3235385339780147496,1000000000000000,0,6122052402397553384,,100000000000000,1000000000000000,1000000000000000,100000000000000,1000000000000000,,100000000000000,,100000000000000,9361837742177700880,9361837742177700880,9361837742177700880
1744814435,22282214,0x15da891a364876ded58766816a770109baae103ead364838502a0b1adbd94b6d,1923,0xCd37d407C9eE489ACfF2c014a426C797E0a3f03f,3235385339780147496,1000000000000000,0,6122052402397553384,100000000000000,100000000000000,1000000000000000,1000000000000000,100000000000000,1000000000000000,,100000000000000,,100000000000000,9361937742177700880,9361937742177700880,9361937742177700880
1744841471,22284455,0xbc38c2652612045dc2a2a3e04d1e7a5b95cd29677ccce406513c3f07c561afec,690,0x31bb91fFb28b7b849a7e08a3fa7d31f393E78eFD,3235385339780147496,0,0,6122052402397553384,100000000000000,100000000000000,1000000000000000,1000000000000000,100000000000000,1000000000000000,,100000000000000,,100000000000000,9360937742177700880,9360937742177700880,9360937742177700880
1744841471,22284455,0x9b009d8501020082227bf748c6ebdf7f8a07b7e6afe47da4cd51eb09fc6a574b,1135,0x31bb91fFb28b7b849a7e08a3fa7d31f393E78eFD,3235385339780147496,0,0,6122052402397553384,100000000000000,100000000000000,1000000000000000,1000000000000000,100000000000000,1000000000000000,,100000000000000,,100000000000000,9360937742177700880,9360937742177700880,9360937742177700880
1744841471,22284455,0x3b02948036243998bc4481c10e01a4292ffb1623aef2d15cfa1af391a6cb9623,1923,0xCd37d407C9eE489ACfF2c014a426C797E0a3f03f,3235385339780147496,0,0,6122052402397553384,100000000000000,100000000000000,1000000000000000,1000000000000000,100000000000000,1000000000000000,,100000000000000,,100000000000000,9360937742177700880,9360937742177700880,9360937742177700880
1744841471,22284455,0xf65f92dc8c7bb9957e25741eccec4256cabc18c9e540af392a14ea928b9c8165,7560,0x31bb91fFb28b7b849a7e08a3fa7d31f393E78eFD,3235385339780147496,0,0,6122052402397553384,100000000000000,100000000000000,1000000000000000,1000000000000000,100000000000000,1000000000000000,,100000000000000,,100000000000000,9360937742177700880,9360937742177700880,9360937742177700880
1744841471,22284455,0x1a47d5ecf1a456c3afb447805c075b4a3169b74391d9d104076695170991ad52,43111,0xCd37d407C9eE489ACfF2c014a426C797E0a3f03f,3235385339780147496,0,0,6122052402397553384,100000000000000,100000000000000,1000000000000000,1000000000000000,100000000000000,1000000000000000,,100000000000000,,100000000000000,9360937742177700880,9360937742177700880,9360937742177700880
1744841471,22284455,0xe7a3adfea1c342a42f206d6f2b5eb2411bd8e6d34dbf1902385d84ddc32f1dc3,60808,0xCd37d407C9eE489ACfF2c014a426C797E0a3f03f,3235385339780147496,0,0,6122052402397553384,100000000000000,100000000000000,1000000000000000,1000000000000000,100000000000000,1000000000000000,,100000000000000,,100000000000000,9360937742177700880,9360937742177700880,9360937742177700880
1744841471,22284455,0xfbb5cfff675f29529fc5af11fb52c33861e4d326d9e7be56be4683dd3bdf340a,888888888,0x31bb91fFb28b7b849a7e08a3fa7d31f393E78eFD,3235385339780147496,0,0,6122052402397553384,100000000000000,100000000000000,1000000000000000,1000000000000000,100000000000000,1000000000000000,,100000000000000,,100000000000000,9360937742177700880,9360937742177700880,9360937742177700880
1744841543,22284461,0x621df298d8c7b00a9ce1cb84415f4cc5103270203f82f465e3531c3cd7108240,1135,0x31bb91fFb28b7b849a7e08a3fa7d31f393E78eFD,3235385339780147496,0,0,6122052402397553384,100000000000000,100000000000000,1000000000000000,1000000000000000,100000000000000,1000000000000000,,100000000000000,,100000000000000,9360937742177700880,9360937742177700880,9360937742177700880
1744841591,22284465,0xb442210769550864a7cfd3b80e6f466bff90219736c46e1f82f9037f2bed3755,690,0x31bb91fFb28b7b849a7e08a3fa7d31f393E78eFD,3235385339780147496,0,0,6122052402397553384,100000000000000,100000000000000,1000000000000000,1000000000000000,100000000000000,1000000000000000,,100000000000000,,100000000000000,9360937742177700880,9360937742177700880,9360937742177700880
1744841591,22284465,0xe4defc3f7ed3c16acdd0f6431cedb039db2eb4167236d085291c81b947979f16,1135,0x31bb91fFb28b7b849a7e08a3fa7d31f393E78eFD,3235385339780147496,0,0,6122052402397553384,100000000000000,100000000000000,1000000000000000,1000000000000000,100000000000000,1000000000000000,,100000000000000,,100000000000000,9360937742177700880,9360937742177700880,9360937742177700880
1744926251,22291483,0x80f37d50588ba8e61eb4f119718f32a3a95c93d6b10aadc2f053543130ff2a33,690,0x31bb91fFb28b7b849a7e08a3fa7d31f393E78eFD,3235385339780147496,0,0,6122052402397553384,100000000000000,100000000000000,1000000000000000,1000000000000000,100000000000000,1000000000000000,,100000000000000,,100000000000000,9360937742177700880,9360937742177700880,9360937742177700880
1744926263,22291484,0x9229f866d17a24eaa64fef083d70ca0dca1945d03593c4c98334c2730b04ed30,1135,0x31bb91fFb28b7b849a7e08a3fa7d31f393E78eFD,3235385339780147496,0,0,6122052402397553384,100000000000000,100000000000000,1000000000000000,1000000000000000,100000000000000,1000000000000000,,100000000000000,,100000000000000,9360937742177700880,9360937742177700880,9360837742177700880
1744926263,22291484,0x2a5a92058c4b739f7bb5fe3efcad2812b31dc12ff6e7ff5be0772c62e32ad9f0,1923,0xCd37d407C9eE489ACfF2c014a426C797E0a3f03f,3235385339780147496,0,0,6122052402397553384,0,100000000000000,1000000000000000,1000000000000000,100000000000000,1000000000000000,,100000000000000,,100000000000000,9360837742177700880,9360837742177700880,9360837742177700880
1744926275,22291485,0xabec7e50347cb2666a335639c85b3b71af0fc90f2db2ea144b6ab6e5b3023a35,2741,0x5A5e4b0944b59Ca16B8F0Ef9B5eC0258B3cad08B,3235385339780147496,0,0,6122052402397553384,0,0,1000000000000000,1000000000000000,100000000000000,1000000000000000,,100000000000000,,100000000000000,9360737742177700880,9360737742177700880,9359737742177700880
1744926275,22291485,0x3e0c9dc9acfb5f81f970a6504f4e256b4bcff57ae25af18fa58c48376426f3e0,7560,0x31bb91fFb28b7b849a7e08a3fa7d31f393E78eFD,3235385339780147496,0,0,6122052402397553384,0,0,0,1000000000000000,100000000000000,1000000000000000,,100000000000000,,100000000000000,9359737742177700880,9359737742177700880,9359737742177700880
1744926287,22291486,0xcacfdb1191cf19ddc0db2625b973d4275d99b7d5440ebcb8bc977ce1dc40051a,888888888,0x31bb91fFb28b7b849a7e08a3fa7d31f393E78eFD,3235385339780147496,0,0,6122052402397553384,0,0,0,1000000000000000,100000000000000,1000000000000000,,100000000000000,,0,9359637742177700880,9359637742177700880,9359637742177700880
1744926311,22291488,0x50f9888e21939958d95309e7d1537332afe0655a96c6fab01b6792534bdc9189,690,0x31bb91fFb28b7b849a7e08a3fa7d31f393E78eFD,3235385339780147496,0,0,6122052402397553384,0,0,0,1000000000000000,100000000000000,1000000000000000,,100000000000000,,0,9359637742177700880,9359637742177700880,6124252402397553384
1744926311,22291488,0xdc8e8b67355103bdd4bad8d183ac2fca77849852ab281ecd2cfd6135921bb9b0,185,0x31bb91fFb28b7b849a7e08a3fa7d31f393E78eFD,0,0,0,6122052402397553384,0,0,0,1000000000000000,100000000000000,1000000000000000,,100000000000000,,0,6124252402397553384,6124252402397553384,6124252402397553384
1744926323,22291489,0xfd747f12eefb10e60aabf949464b1566f904431e3e5f2e0e6d64078974b2a686,1135,0x31bb91fFb28b7b849a7e08a3fa7d31f393E78eFD,0,0,0,6122052402397553384,0,0,0,1000000000000000,100000000000000,1000000000000000,,100000000000000,,0,6124252402397553384,6124252402397553384,6124252402397553384
1744926335,22291490,0xe4d3bcc85f6e3953c513969531fdc00b6a6ae7d89ead1174853422b1b55485ed,7560,0x31bb91fFb28b7b849a7e08a3fa7d31f393E78eFD,0,0,0,6122052402397553384,0,0,0,1000000000000000,100000000000000,1000000000000000,,100000000000000,,0,6124252402397553384,6124252402397553384,6123152402397553384
1744926335,22291490,0x3f72af795daa104be713340988b20a1de5557894485e80ecbad2c398d7bc667e,43111,0xCd37d407C9eE489ACfF2c014a426C797E0a3f03f,0,0,0,6122052402397553384,0,0,0,1000000000000000,0,1000000000000000,,100000000000000,,0,6124152402397553384,6124152402397553384,6123152402397553384
1744926335,22291490,0x3c2dcebcea84ddd48fe0e0d1f6ec815fa4ecd8c110bbddf4800ce01880705436,60808,0xCd37d407C9eE489ACfF2c014a426C797E0a3f03f,0,0,0,6122052402397553384,0,0,0,1000000000000000,0,0,,100000000000000,,0,6123152402397553384,6123152402397553384,6123152402397553384
1744926335,22291490,0x0b1573034402613eed4a23b2614836f6a80efa70b5a12ccb75846998c1b3c7e8,888888888,0x31bb91fFb28b7b849a7e08a3fa7d31f393E78eFD,0,0,0,6122052402397553384,0,0,0,1000000000000000,0,0,,100000000000000,,0,6123152402397553384,6123152402397553384,6123152402397553384
1744927283,22291569,0x68c267f70ebd5621a6160d1d159661cd397a53b37bed2093809ec5b7227820c8,7560,0x31bb91fFb28b7b849a7e08a3fa7d31f393E78eFD,0,0,0,6122052402397553384,0,0,3749518642457752062,1000000000000000,0,0,,100000000000000,,0,9872671044855305446,9872671044855305446,9872671044855305446
1744944131,22292965,0x99d45debbeae0c57bcfb6b5aa87a708cf32917b09374784e1bde145b4b997600,543210,0x5A5e4b0944b59Ca16B8F0Ef9B5eC0258B3cad08B,0,0,0,6122052402397553384,0,0,3749518642457752062,1000000000000000,0,0,,13768389440970693810,,0,23640960485825999256,23640960485825999256,23640960485825999256
1745010095,22298437,0x87048737e1adaa9238f7b751c7cc7edc307d8979326f82869e75c530a7d2d45c,42170,0x31bb91fFb28b7b849a7e08a3fa7d31f393E78eFD,0,0,0,6122052402397553384,0,0,3749518642457752062,0,0,0,,13768389440970693810,,0,23639960485825999256,23639960485825999256,23639960485825999256
1745290895,22321721,0x6f67d41b8e095670c8701b875dd169ee52aab3700d2845fd4bba741c343a2139,7560,0x31bb91fFb28b7b849a7e08a3fa7d31f393E78eFD,0,0,0,6122052402397553384,0,0,0,0,0,0,,13768389440970693810,,0,19890441843368247194,19890441843368247194,19890441843368247194
1745292143,22321823,0x7cb547b86da2fd84363afd3e36ca1d289432220796f9fb80a73fa9430cde60e3,185,0x31bb91fFb28b7b849a7e08a3fa7d31f393E78eFD,2097658004332145863,0,0,6122052402397553384,0,0,0,0,0,0,,13768389440970693810,,0,21988099847700393057,21988099847700393057,21988099847700393057
1745294591,22322027,0x11708a23b852ee536382933e4aec327aefce8d28271835662b279b0aa1b0f9c6,185,0x31bb91fFb28b7b849a7e08a3fa7d31f393E78eFD,0,0,0,6122052402397553384,0,0,0,0,0,0,,13768389440970693810,,0,19890441843368247194,19890441843368247194,19890441843368247194
1745320931,22324215,0x1f0490613a58fa40d8d484a8958e6bc96c09c6eb636794b72024e5172355323e,543210,0x5A5e4b0944b59Ca16B8F0Ef9B5eC0258B3cad08B,0,0,0,6122052402397553384,0,0,0,0,0,0,,16097580561253902389,,0,22219632963651455773,22219632963651455773,22219632963651455773
1745442083,22334260,0xb10ebed319d8a90b1ad7852cdf7a1c5bb271626545a6e1bef4f5a2b0cfba0297,43111,0xCd37d407C9eE489ACfF2c014a426C797E0a3f03f,0,0,0,6122052402397553384,0,0,0,0,12587055399751756124,0,,16097580561253902389,,0,34806688363403211897,34806688363403211897,34806688363403211897
1745442143,22334265,0x7adaed28dd40cba2cd069eb56305f986d208e926071337e36784116ac6912acc,60808,0xCd37d407C9eE489ACfF2c014a426C797E0a3f03f,0,0,0,6122052402397553384,0,0,0,0,12587055399751756124,7829829657526405516,,16097580561253902389,,0,42636518020929617413,42636518020929617413,42636518020929617413
1745442155,22334266,0xda2010a18c7bcc503c875ebc4dbbaff84f99238cacc89dc1954d172b17d64e20,543210,0x5A5e4b0944b59Ca16B8F0Ef9B5eC0258B3cad08B,0,0,0,6122052402397553384,0,0,0,0,12587055399751756124,7829829657526405516,,28106126491344304391,,0,54645063951020019415,54645063951020019415,63591298849884858818
1745442155,22334266,0xda2010a18c7bcc503c875ebc4dbbaff84f99238cacc89dc1954d172b17d64e20,1923,0xCd37d407C9eE489ACfF2c014a426C797E0a3f03f,0,0,0,6122052402397553384,8946234898864839403,0,0,0,12587055399751756124,7829829657526405516,,28106126491344304391,,0,63591298849884858818,63591298849884858818,63591298849884858818
1745443439,22334373,0x4d321a44ddcaee8cdbfa3fa2e3d84f263b7d2e6fc9693ad4c0064794894e1abf,1135,0x31bb91fFb28b7b849a7e08a3fa7d31f393E78eFD,0,0,53025133713809827316,6122052402397553384,8946234898864839403,0,0,0,12587055399751756124,7829829657526405516,,28106126491344304391,,0,116616432563694686134,116616432563694686134,116616432563694686134
1745470907,22336653,0x410ddac986dac232fb018eb3b9eeb9ae3c5de9abd834cbe9db02230aada39c4d,42170,0x31bb91fFb28b7b849a7e08a3fa7d31f393E78eFD,0,0,53025133713809827316,6122052402397553384,8946234898864839403,0,0,4000777865834508859,12587055399751756124,7829829657526405516,,28106126491344304391,,0,120617210429529194993,120617210429529194993,120617210429529194993
1745492531,22338441,0xbc692b43f06cea22f676a27df5869b5da415993a9e12475772fabe7243f0f42a,543210,0x5A5e4b0944b59Ca16B8F0Ef9B5eC0258B3cad08B,0,0,53025133713809827316,6122052402397553384,8946234898864839403,0,0,4000777865834508859,12587055399751756124,7829829657526405516,,31795923209879450805,,0,124307007148064341407,124307007148064341407,124307007148064341407
1745518883,22340619,0x62ea8fb3d2c03b8eaaa72778e8e736a31d6fda4b00dd8dae18da545fb9809b39,1923,0xCd37d407C9eE489ACfF2c014a426C797E0a3f03f,0,0,53025133713809827316,6122052402397553384,13409750476833925556,0,0,4000777865834508859,12587055399751756124,7829829657526405516,,31795923209879450805,,0,128770522726033427560,128770522726033427560,128770522726033427560
1745522651,22340933,0xa0a15e1913d06c1899e1bd1ef006d06b7d39e2bbe89f54b8f440f24d85163d5a,7777777,0xCd37d407C9eE489ACfF2c014a426C797E0a3f03f,0,0,53025133713809827316,6122052402397553384,13409750476833925556,0,0,4000777865834508859,12587055399751756124,7829829657526405516,,31795923209879450805,1000000000000000,0,128771522726033427560,128771522726033427560,128771522726033427560
1745524871,22341118,0x0a4a6a8c5c25e22a97a7392569482a99642eef3e5306a71e1f3ac9ade11c707a,7777777,0xCd37d407C9eE489ACfF2c014a426C797E0a3f03f,0,0,53025133713809827316,6122052402397553384,13409750476833925556,0,0,4000777865834508859,12587055399751756124,7829829657526405516,,31795923209879450805,3001000000000000000,0,131771522726033427560,131771522726033427560,131771522726033427560
1745530835,22341612,0x420a9f97fc53229d061b4a65f3b362e4c6c5c26a7ed2827ad0e1f41bab51a1f4,7777777,0xCd37d407C9eE489ACfF2c014a426C797E0a3f03f,0,0,53025133713809827316,6122052402397553384,13409750476833925556,0,0,4000777865834508859,12587055399751756124,7829829657526405516,,31795923209879450805,6001000000000000000,0,134771522726033427560,134771522726033427560,134771522726033427560
1745532083,22341716,0xa2c9abb0c750033d4b9ee059e9255671694058875c34b6d7ed49b5c0b3d1b8d3,7777777,0xCd37d407C9eE489ACfF2c014a426C797E0a3f03f,0,0,53025133713809827316,6122052402397553384,13409750476833925556,0,0,4000777865834508859,12587055399751756124,7829829657526405516,,31795923209879450805,9001000000000000000,0,137771522726033427560,137771522726033427560,137771522726033427560
1745533235,22341811,0xbcb10025a963c05bd4fdf6850a3e66bb1974b213ac2b8421b6dfadf98f0315ea,7777777,0xCd37d407C9eE489ACfF2c014a426C797E0a3f03f,0,0,53025133713809827316,6122052402397553384,13409750476833925556,0,0,4000777865834508859,12587055399751756124,7829829657526405516,,31795923209879450805,12001000000000000000,0,140771522726033427560,140771522726033427560,140771522726033427560
1745534471,22341914,0x17b7fadd07aecb8570ce89dbd783f4736f695ca6fa57004a6dcfe830c4410551,7777777,0xCd37d407C9eE489ACfF2c014a426C797E0a3f03f,0,0,53025133713809827316,6122052402397553384,13409750476833925556,0,0,4000777865834508859,12587055399751756124,7829829657526405516,,31795923209879450805,15001000000000000000,0,143771522726033427560,143771522726033427560,143771522726033427560
1745535635,22342011,0xddf58233d766ea46a772a35a9a8c7c5930915a8b956c0953b066cc49ef066757,7777777,0xCd37d407C9eE489ACfF2c014a426C797E0a3f03f,0,0,53025133713809827316,6122052402397553384,13409750476833925556,0,0,4000777865834508859,12587055399751756124,7829829657526405516,,31795923209879450805,18001000000000000000,0,146771522726033427560,146771522726033427560,146771522726033427560
1745536871,22342114,0xaf56759b00b4a73ff42130b1dc0fe8ae0fb69ba51b774090bf3768224f223fd8,7777777,0xCd37d407C9eE489ACfF2c014a426C797E0a3f03f,0,0,53025133713809827316,6122052402397553384,13409750476833925556,0,0,4000777865834508859,12587055399751756124,7829829657526405516,,31795923209879450805,21001000000000000000,0,149771522726033427560,149771522726033427560,149771522726033427560
1745551247,22343309,0x82aa62fe147b95ff25a5ec44832d72b708d83722aacf3b7aac9bf81adfe08e08,7777777,0xCd37d407C9eE489ACfF2c014a426C797E0a3f03f,0,0,53025133713809827316,6122052402397553384,13409750476833925556,0,0,4000777865834508859,12587055399751756124,7829829657526405516,,31795923209879450805,24001000000000000000,0,152771522726033427560,152771522726033427560,152771522726033427560
1745552459,22343408,0xadf9d6bf33bd406daa7fb85c7a9699bfa60ed1ad1e9756391d6745e63ad41960,7777777,0xCd37d407C9eE489ACfF2c014a426C797E0a3f03f,0,0,53025133713809827316,6122052402397553384,13409750476833925556,0,0,4000777865834508859,12587055399751756124,7829829657526405516,,31795923209879450805,27001000000000000000,0,155771522726033427560,155771522726033427560,155771522726033427560
1745553683,22343510,0xe6f6caccd707bbdc2016f356d237751804ffb2380c108738e49c8ac1150b5dcf,7777777,0xCd37d407C9eE489ACfF2c014a426C797E0a3f03f,0,0,53025133713809827316,6122052402397553384,13409750476833925556,0,0,4000777865834508859,12587055399751756124,7829829657526405516,,31795923209879450805,30001000000000000000,0,158771522726033427560,158771522726033427560,158771522726033427560
1745554835,22343606,0x6ca5bf82b128d2995f7cecb11000a1bca5aca8abb0f4b19e1061dcf1d7fd2193,7777777,0xCd37d407C9eE489ACfF2c014a426C797E0a3f03f,0,0,53025133713809827316,6122052402397553384,13409750476833925556,0,0,4000777865834508859,12587055399751756124,7829829657526405516,,31795923209879450805,33001000000000000000,0,161771522726033427560,161771522726033427560,161771522726033427560
1745556047,22343707,0x1eeccc8197f97b4042986c48972f2135eaecd73ae4bb66e19f279d1527fce411,7777777,0xCd37d407C9eE489ACfF2c014a426C797E0a3f03f,0,0,53025133713809827316,6122052402397553384,13409750476833925556,0,0,4000777865834508859,12587055399751756124,7829829657526405516,,31795923209879450805,36001000000000000000,0,164771522726033427560,164771522726033427560,164771522726033427560
1745557235,22343806,0x15d84313d9224b0d93ac9d92c6d15fa49ff203bf64936af567d812dac7e654b7,7777777,0xCd37d407C9eE489ACfF2c014a426C797E0a3f03f,0,0,53025133713809827316,6122052402397553384,13409750476833925556,0,0,4000777865834508859,12587055399751756124,7829829657526405516,,31795923209879450805,39001000000000000000,0,167771522726033427560,167771522726033427560,167771522726033427560
1745558447,22343907,0xd94ce8542760326519aef8d164a2dd9e485fa09885e3f1e0e9c66408a6e1ffac,7777777,0xCd37d407C9eE489ACfF2c014a426C797E0a3f03f,0,0,53025133713809827316,6122052402397553384,13409750476833925556,0,0,4000777865834508859,12587055399751756124,7829829657526405516,,31795923209879450805,42001000000000000000,0,170771522726033427560,170771522726033427560,170771522726033427560
1745559635,22344006,0xca643be9024f47c449207378881160945befcfd72e3f397fee66b5435a309c5f,7777777,0xCd37d407C9eE489ACfF2c014a426C797E0a3f03f,0,0,53025133713809827316,6122052402397553384,13409750476833925556,0,0,4000777865834508859,12587055399751756124,7829829657526405516,,31795923209879450805,45001000000000000000,0,173771522726033427560,173771522726033427560,173771522726033427560
1745560871,22344109,0xaff5cd011c2b428d84988e1dacc56fff833d4f803bb6482d93dfe33695f1c732,7777777,0xCd37d407C9eE489ACfF2c014a426C797E0a3f03f,0,0,53025133713809827316,6122052402397553384,13409750476833925556,0,0,4000777865834508859,12587055399751756124,7829829657526405516,,31795923209879450805,48001000000000000000,0,176771522726033427560,176771522726033427560,176771522726033427560
1745562083,22344210,0x55e03a3243710407a76fb269a871a2844f1219a9c459173e5746b2be72900605,7777777,0xCd37d407C9eE489ACfF2c014a426C797E0a3f03f,0,0,53025133713809827316,6122052402397553384,13409750476833925556,0,0,4000777865834508859,12587055399751756124,7829829657526405516,,31795923209879450805,51001000000000000000,0,179771522726033427560,179771522726033427560,179771522726033427560
1745563271,22344308,0x8be4a9ae012972e3b21250feb6602aa196d88b26f3145e6122442ec9359abf8a,7777777,0xCd37d407C9eE489ACfF2c014a426C797E0a3f03f,0,0,53025133713809827316,6122052402397553384,13409750476833925556,0,0,4000777865834508859,12587055399751756124,7829829657526405516,,31795923209879450805,54001000000000000000,0,182771522726033427560,182771522726033427560,182771522726033427560
1745564483,22344409,0x25dfbe235d920c24005ddfe4954bd262388c3c45f78726f0fc218356feaa58ff,7777777,0xCd37d407C9eE489ACfF2c014a426C797E0a3f03f,0,0,53025133713809827316,6122052402397553384,13409750476833925556,0,0,4000777865834508859,12587055399751756124,7829829657526405516,,31795923209879450805,57001000000000000000,0,185771522726033427560,185771522726033427560,185771522726033427560
1745565671,22344507,0xb522e2465d06e300f7443e4020ca947c83d0ba237e2712886ab99ab97fc26ad3,7777777,0xCd37d407C9eE489ACfF2c014a426C797E0a3f03f,0,0,53025133713809827316,6122052402397553384,13409750476833925556,0,0,4000777865834508859,12587055399751756124,7829829657526405516,,31795923209879450805,60001000000000000000,0,188771522726033427560,188771522726033427560,188771522726033427560
1745568047,22344705,0xc4ad926f19a40904f85616f813f6182f71fdfa85b585addb7c4e63e94977e42b,7777777,0xCd37d407C9eE489ACfF2c014a426C797E0a3f03f,0,0,53025133713809827316,6122052402397553384,13409750476833925556,0,0,4000777865834508859,12587055399751756124,7829829657526405516,,31795923209879450805,63001000000000000000,0,191771522726033427560,191771522726033427560,191771522726033427560
1745569235,22344803,0xe081156669f8a78eca8b8718d11baa261ea3cce80baa6170896732705e6d6b71,7777777,0xCd37d407C9eE489ACfF2c014a426C797E0a3f03f,0,0,53025133713809827316,6122052402397553384,13409750476833925556,0,0,4000777865834508859,12587055399751756124,7829829657526405516,,31795923209879450805,66001000000000000000,0,194771522726033427560,194771522726033427560,194771522726033427560
1745881235,22370701,0x803edc8ac9c0ba574ae83994bd3c180b113bdf2b8a0ba8203fa3b31f0ee2e183,7777777,0xCd37d407C9eE489ACfF2c014a426C797E0a3f03f,0,0,53025133713809827316,6122052402397553384,13409750476833925556,0,0,4000777865834508859,12587055399751756124,7829829657526405516,,31795923209879450805,72424290584084267255,0,201194813310117694815,201194813310117694815,201194813310117694815
1745942579,22375785,0x8fc6bea3452709aef55aeef6f1d3992f4654f2663983b300ed086248813f6022,1868,0xea65940bb6C3691c83b86D3b7Fa7C8bbeABDA409,0,0,53025133713809827316,0,13409750476833925556,0,0,4000777865834508859,12587055399751756124,7829829657526405516,,31795923209879450805,72424290584084267255,0,195072760907720141431,195072760907720141431,195072760907720141431
1745943683,22375875,0xc9156a4ce9d522067e5bf322ee6e0d6bf575218340a37051c61c61a78c51f850,7777777,0xCd37d407C9eE489ACfF2c014a426C797E0a3f03f,0,0,53025133713809827316,0,13409750476833925556,0,0,4000777865834508859,12587055399751756124,7829829657526405516,,31795923209879450805,78447524126729967314,0,201095994450365841490,201095994450365841490,201095994450365841490
1745978459,22378751,0xe79964df98e957bb0f0c761ee87fac037a5157459aeafee895ca15c386e32a48,543210,0x5A5e4b0944b59Ca16B8F0Ef9B5eC0258B3cad08B,0,0,53025133713809827316,0,13409750476833925556,0,0,4000777865834508859,12587055399751756124,7829829657526405516,,0,78447524126729967314,0,169300071240486390685,169300071240486390685,169300071240486390685
1745981219,22378979,0x6805cbefb2f10d0cfd47861d7a5a273c3fca78f67770f9e3255a47a66aa2c76a,1923,0xCd37d407C9eE489ACfF2c014a426C797E0a3f03f,0,0,53025133713809827316,0,19432984019479625615,0,0,4000777865834508859,12587055399751756124,7829829657526405516,,0,78447524126729967314,0,175323304783132090744,175323304783132090744,175323304783132090744
1745982779,22379108,0xf593b3fd3e9619019d84983a328205cef3225c87ff939fae6375442321dd12ab,543210,0x5A5e4b0944b59Ca16B8F0Ef9B5eC0258B3cad08B,0,0,53025133713809827316,0,19432984019479625615,0,0,4000777865834508859,12587055399751756124,7829829657526405516,,6423290584084267255,78447524126729967314,0,181746595367216357999,181746595367216357999,181746595367216357999
1745989835,22379691,0x8701ba47f7c898b99e2b70f9e021c690e6d5bbaaa6a4c119dd2e000165fd5dc1,1868,0xea65940bb6C3691c83b86D3b7Fa7C8bbeABDA409,0,0,53025133713809827316,6423290584084267255,19432984019479625615,0,0,4000777865834508859,12587055399751756124,7829829657526405516,,6423290584084267255,78447524126729967314,0,188169885951300625254,188169885951300625254,188169885951300625254
1746005615,22380994,0xf5562d220d91dc496d676f30c58350bd713915542f6d88d38149796cd9973a82,60808,0xCd37d407C9eE489ACfF2c014a426C797E0a3f03f,0,0,53025133713809827316,6423290584084267255,19432984019479625615,0,0,4000777865834508859,12587055399751756124,14253120241610672771,,6423290584084267255,78447524126729967314,0,194593176535384892509,194593176535384892509,194593176535384892509
1746054251,22385014,0x829170a07669eaeb557bb2edadb503c6cf3c0fc34b3de6a1c46bf47c8152a7d6,1868,0xea65940bb6C3691c83b86D3b7Fa7C8bbeABDA409,0,0,53025133713809827316,0,19432984019479625615,0,0,4000777865834508859,12587055399751756124,14253120241610672771,,6423290584084267255,78447524126729967314,0,188169885951300625254,188169885951300625254,188169885951300625254
1746061511,22385617,0xabf32f2c361d28713f24e14daacba4cd620b3da77f8ff98f55313dc335f1efc8,1135,0x31bb91fFb28b7b849a7e08a3fa7d31f393E78eFD,0,0,0,0,19432984019479625615,0,0,4000777865834508859,12587055399751756124,14253120241610672771,,6423290584084267255,78447524126729967314,0,135144752237490797938,135144752237490797938,132621807922710225790
1746061511,22385617,0x6100fa605b8bbcea249cfb55a620a2606bb9cd59d5db57aa184cbb3cd61df835,1923,0xCd37d407C9eE489ACfF2c014a426C797E0a3f03f,0,0,0,0,16910039704699053467,0,0,4000777865834508859,12587055399751756124,14253120241610672771,,6423290584084267255,78447524126729967314,0,132621807922710225790,132621807922710225790,132621807922710225790
1746072119,22386493,0x2dd5ddb59cf0c87295bf377452302898d4e21475190ed0f2fc077354bb26442b,43111,0xCd37d407C9eE489ACfF2c014a426C797E0a3f03f,0,0,0,0,16910039704699053467,0,0,4000777865834508859,0,14253120241610672771,,6423290584084267255,78447524126729967314,0,120034752522958469666,120034752522958469666,120034752522958469666
1746079271,22387081,0x905efb3f5c444f854d5b494bb9041fc517feaa874dd22e5c2a42caa1f65df68d,42170,0x31bb91fFb28b7b849a7e08a3fa7d31f393E78eFD,0,0,0,0,16910039704699053467,0,0,0,0,14253120241610672771,,6423290584084267255,78447524126729967314,0,116033974657123960807,116033974657123960807,116033974657123960807
1746570923,22427674,0xff94ed632ef509936b4b92567b5f1e8df0e87cf70cbb3d6254d5ec139783dd32,60808,0xCd37d407C9eE489ACfF2c014a426C797E0a3f03f,0,0,0,0,16910039704699053467,0,0,0,0,0,,6423290584084267255,78447524126729967314,0,101780854415513288036,101780854415513288036,101780854415513288036
1746570935,22427675,0x668cc9b3c67f383b89596d0838e399be46d44b4859f13c4ece7ef756ce5d442b,1923,0xCd37d407C9eE489ACfF2c014a426C797E0a3f03f,0,0,0,0,0,0,0,0,0,0,,6423290584084267255,78447524126729967314,0,84870814710814234569,84870814710814234569,18869814710814234569
1746570935,22427675,0x9a7224db282dc3c85aa613131824d30308a39b5fa2a78f206d31541e2dd7bc7c,7777777,0xCd37d407C9eE489ACfF2c014a426C797E0a3f03f,0,0,0,0,0,0,0,0,0,0,,6423290584084267255,12446524126729967314,0,18869814710814234569,18869814710814234569,18869814710814234569
1746573743,22427908,0x1a52302350318e5e7007ee28b1cef8dbebf4a72bc445de3afb699dd93fefcf18,60808,0xCd37d407C9eE489ACfF2c014a426C797E0a3f03f,0,0,0,0,0,0,0,0,0,8763185167319087607,,6423290584084267255,12446524126729967314,0,27632999878133322176,27632999878133322176,27632999878133322176
1746573755,22427909,0xd927f108a6c69a828751a3a0ea54b67d5afd3c2c66cc0f9ff9dd23e566b8256a,1868,0xea65940bb6C3691c83b86D3b7Fa7C8bbeABDA409,0,0,0,47963647924396584151,0,0,0,0,0,8763185167319087607,,6423290584084267255,12446524126729967314,0,75596647802529906327,75596647802529906327,75596647802529906327
1746609167,22430827,0x2101af76778d123d6bbc3a1bf5eab5c290334e77d31e290d306333bd8095d302,7777777,0xCd37d407C9eE489ACfF2c014a426C797E0a3f03f,0,0,0,47963647924396584151,0,0,0,0,0,8763185167319087607,,6423290584084267255,44243322380329729177,0,107393446056129668190,107393446056129668190,107393446056129668190
1746612095,22431067,0x49bf032c5b387469a72b084c4fc9f5f1828620f8f8b25b6ac36c01ab3ad9e0aa,1923,0xCd37d407C9eE489ACfF2c014a426C797E0a3f03f,0,0,0,47963647924396584151,6308445215190562058,0,0,0,0,8763185167319087607,,6423290584084267255,44243322380329729177,0,113701891271320230248,113701891271320230248,113701891271320230248
1746621791,22431833,0x0eca16bd258c85e4407e2f6a000888355d20ba57db16e0a33ca7743ecf265a06,42170,0x31bb91fFb28b7b849a7e08a3fa7d31f393E78eFD,0,0,0,47963647924396584151,6308445215190562058,0,0,13095926493430576208,0,8763185167319087607,,6423290584084267255,44243322380329729177,0,126797817764750806456,126797817764750806456,126797817764750806456
1746681659,22436709,0xfa2fbdc86479d838b8f47b253513a8b4f5dfa20b12853090b0d997f4169c65d1,7777777,0xCd37d407C9eE489ACfF2c014a426C797E0a3f03f,0,0,0,47963647924396584151,6308445215190562058,0,0,13095926493430576208,0,8763185167319087607,,6423290584084267255,49177056176871680978,0,131731551561292758257,131731551561292758257,131731551561292758257
1746687683,22437205,0xf98c5ddda1fc054d11d58a808739e27b43e9e50fdc0fbc60ad2c6aaf632310a5,185,0x31bb91fFb28b7b849a7e08a3fa7d31f393E78eFD,4628636114822071601,0,0,47963647924396584151,6308445215190562058,0,0,13095926493430576208,0,8763185167319087607,,6423290584084267255,49177056176871680978,0,136360187676114829858,136360187676114829858,136360187676114829858
1746693743,22437705,0x729dc97d948f868f381fed3e6b3a0f6c6679dedd1e892972dd458346d284c05a,1868,0xea65940bb6C3691c83b86D3b7Fa7C8bbeABDA409,4628636114822071601,0,0,54825812703024999445,6308445215190562058,0,0,13095926493430576208,0,8763185167319087607,,6423290584084267255,49177056176871680978,0,143222352454743245152,143222352454743245152,143222352454743245152
1746700943,22438296,0xb03e5b8d556f266fc054807a67370ae2169e6e4d65968a119c272a45a6ccacc4,1868,0xea65940bb6C3691c83b86D3b7Fa7C8bbeABDA409,4628636114822071601,0,0,59919643613602980858,6308445215190562058,0,0,13095926493430576208,0,8763185167319087607,,6423290584084267255,49177056176871680978,0,148316183365321226565,148316183365321226565,148316183365321226565
1746703343,22438493,0x2fccce11be76295c45ee725b46d24abd4bf6cce970025d31f012a235ce34d3c6,1135,0x31bb91fFb28b7b849a7e08a3fa7d31f393E78eFD,4628636114822071601,0,5330555674793582968,59919643613602980858,6308445215190562058,0,0,13095926493430576208,0,8763185167319087607,,6423290584084267255,49177056176871680978,0,153646739040114809533,153646739040114809533,153646739040114809533
1746706943,22438788,0xb26dfda0599b0ac1a5116933cccfd07a8d39982262b7144733272a865bb41171,7777777,0xCd37d407C9eE489ACfF2c014a426C797E0a3f03f,4628636114822071601,0,5330555674793582968,59919643613602980858,6308445215190562058,0,0,13095926493430576208,0,8763185167319087607,,6423290584084267255,53944324265499373243,0,158414007128742501798,158414007128742501798,158414007128742501798
1746709283,22438979,0x8eee9c1850d7f7d7806c9384786e1c1ef7caded8c44204c40a76ebdcf392525f,888888888,0x31bb91fFb28b7b849a7e08a3fa7d31f393E78eFD,4628636114822071601,0,5330555674793582968,59919643613602980858,6308445215190562058,0,0,13095926493430576208,0,8763185167319087607,,6423290584084267255,53944324265499373243,5866211155220167205,164280218283962669003,164280218283962669003,164280218283962669003
1746709343,22438984,0x91ed4d8f8ac722f8cf9915d4599115cf39b2599f115d4166b2e80ce0085c16d7,1868,0xea65940bb6C3691c83b86D3b7Fa7C8bbeABDA409,4628636114822071601,0,5330555674793582968,65275852414446350522,6308445215190562058,0,0,13095926493430576208,0,8763185167319087607,,6423290584084267255,53944324265499373243,5866211155220167205,169636427084806038667,169636427084806038667,169636427084806038667
1746716555,22439571,0x462f79e4b1e629547bf9d7c3a770f872e28359fa319f1390fd258fb197b17f7c,1135,0x31bb91fFb28b7b849a7e08a3fa7d31f393E78eFD,4628636114822071601,0,10984528090332073830,65275852414446350522,6308445215190562058,0,0,13095926493430576208,0,8763185167319087607,,6423290584084267255,53944324265499373243,5866211155220167205,175290399500344529529,175290399500344529529,175290399500344529529
1746724943,22440257,0x5c1995349323a7122a488ec141a23369a12abc1030f16651110e2baf81929185,1868,0xea65940bb6C3691c83b86D3b7Fa7C8bbeABDA409,4628636114822071601,0,10984528090332073830,70228223860507364395,6308445215190562058,0,0,13095926493430576208,0,8763185167319087607,,6423290584084267255,53944324265499373243,5866211155220167205,180242770946405543402,180242770946405543402,180242770946405543402
1746730883,22440744,0x12c981fd8eb7c808ffa234d50ac62ca886f9520bae9ad3a4846ebe171204158d,1135,0x31bb91fFb28b7b849a7e08a3fa7d31f393E78eFD,4628636114822071601,0,15894896823040380883,70228223860507364395,6308445215190562058,0,0,13095926493430576208,0,8763185167319087607,,6423290584084267255,53944324265499373243,5866211155220167205,185153139679113850455,185153139679113850455,185153139679113850455
1746736871,22441239,0xcb68c0e669b8aa5e72414da3f30696100607626c774f7ce20079c5ce0f7e8e08,7777777,0xCd37d407C9eE489ACfF2c014a426C797E0a3f03f,4628636114822071601,0,15894896823040380883,70228223860507364395,6308445215190562058,0,0,13095926493430576208,0,8763185167319087607,,6423290584084267255,58498048532212663395,5866211155220167205,189706863945827140607,189706863945827140607,189706863945827140607
1746736955,22441246,0xf4146689b0af6ed744fc448b27514c72324308f78ac1e006ed307caac27951b6,1135,0x31bb91fFb28b7b849a7e08a3fa7d31f393E78eFD,4628636114822071601,0,22093603892225095875,70228223860507364395,6308445215190562058,0,0,13095926493430576208,0,8763185167319087607,,6423290584084267255,58498048532212663395,5866211155220167205,195905571015011855599,195905571015011855599,195905571015011855599
1746738143,22441343,0x84b26555d03ed0c7fcf21465831499e3437a8b388354964af06488205b5ccae3,1868,0xea65940bb6C3691c83b86D3b7Fa7C8bbeABDA409,4628636114822071601,0,22093603892225095875,82673775505974922791,6308445215190562058,0,0,13095926493430576208,0,8763185167319087607,,6423290584084267255,58498048532212663395,5866211155220167205,208351122660479413995,208351122660479413995,208351122660479413995
1746738995,22441414,0x460ca39a654fcb53a1acaeb55127f84c49502f7b138a841f77465272d46a7976,1868,0xea65940bb6C3691c83b86D3b7Fa7C8bbeABDA409,4628636114822071601,0,22093603892225095875,88912887406108823468,6308445215190562058,0,0,13095926493430576208,0,8763185167319087607,,6423290584084267255,58498048532212663395,5866211155220167205,214590234560613314672,214590234560613314672,214590234560613314672
1746739355,22441444,0xb321dab25ac494d711a45a2f4c075ee3e427680f5138af206e0e64a003e7309c,1135,0x31bb91fFb28b7b849a7e08a3fa7d31f393E78eFD,4628636114822071601,0,27357374455003409709,88912887406108823468,6308445215190562058,0,0,13095926493430576208,0,8763185167319087607,,6423290584084267255,58498048532212663395,5866211155220167205,219854005123391628506,219854005123391628506,219854005123391628506
1746739739,22441476,0xfb7a53d11bbe08298fa6ee0f8390a8c7d3945a8d826c857617288de03eb63bbf,1868,0xea65940bb6C3691c83b86D3b7Fa7C8bbeABDA409,4628636114822071601,0,27357374455003409709,98179789227884358501,6308445215190562058,0,0,13095926493430576208,0,8763185167319087607,,6423290584084267255,58498048532212663395,5866211155220167205,229120906945167163539,229120906945167163539,229120906945167163539
1746744083,22441829,0x3961755fb955e439f24726c3adef14adf4c1ac5aa8a1746657b76476eee82f6a,1135,0x31bb91fFb28b7b849a7e08a3fa7d31f393E78eFD,4628636114822071601,0,32432413931233722459,98179789227884358501,6308445215190562058,0,0,13095926493430576208,0,8763185167319087607,,6423290584084267255,58498048532212663395,5866211155220167205,234195946421397476289,234195946421397476289,234195946421397476289
1746775283,22444398,0xc398fbf1fe6cf4c4c251f921ac11e47229f1acd1840bdd6dd112691c896017c5,1135,0x31bb91fFb28b7b849a7e08a3fa7d31f393E78eFD,4628636114822071601,0,36979594572515968398,98179789227884358501,6308445215190562058,0,0,13095926493430576208,0,8763185167319087607,,6423290584084267255,58498048532212663395,5866211155220167205,238743127062679722228,238743127062679722228,238743127062679722228
1746775343,22444403,0x39e8f2e277f69755242236e37961f38a0cf901be969d48fc18879af99acafb55,60808,0xCd37d407C9eE489ACfF2c014a426C797E0a3f03f,4628636114822071601,0,36979594572515968398,98179789227884358501,6308445215190562058,0,0,13095926493430576208,0,13589887276584776650,,6423290584084267255,58498048532212663395,5866211155220167205,243569829171945411271,243569829171945411271,243569829171945411271
1746778943,22444698,0xede8fc5f027f0e9d496bf9b932f1602aeca64c2e90df37f5289bfbed617f853b,1135,0x31bb91fFb28b7b849a7e08a3fa7d31f393E78eFD,4628636114822071601,0,41366028609039750029,98179789227884358501,6308445215190562058,0,0,13095926493430576208,0,13589887276584776650,,6423290584084267255,58498048532212663395,5866211155220167205,247956263208469192902,247956263208469192902,247956263208469192902
1747145099,22474783,0x7f04d9b577baac2309db90a94ef6de02e7320f6d3f4b1b5a3fa5b04f5da3c7ca,185,0x31bb91fFb28b7b849a7e08a3fa7d31f393E78eFD,0,0,41366028609039750029,98179789227884358501,6308445215190562058,0,0,13095926493430576208,0,13589887276584776650,,6423290584084267255,58498048532212663395,5866211155220167205,243327627093647121301,243327627093647121301,203712940828139463725
1747145099,22474783,0x3d4a184a4922b3e490590251deb88b61e6468278009890d0f6ae8d765b2ef863,1135,0x31bb91fFb28b7b849a7e08a3fa7d31f393E78eFD,0,0,1751342343532092453,98179789227884358501,6308445215190562058,0,0,13095926493430576208,0,13589887276584776650,,6423290584084267255,58498048532212663395,5866211155220167205,203712940828139463725,203712940828139463725,203712940828139463725
1747146083,22474864,0x5f0773706f0dce44e98b3e621c3959209dbabab516b6b6a7182d6cf8561a135f,60808,0xCd37d407C9eE489ACfF2c014a426C797E0a3f03f,0,0,1751342343532092453,98179789227884358501,6308445215190562058,0,0,13095926493430576208,0,25403515734036384302,,6423290584084267255,58498048532212663395,5866211155220167205,215526569285591071377,215526569285591071377,215526569285591071377
1747161647,22476136,0x6783a163e39f66a1e7348dc44528d6207e808fc1b85c44b7da7533646f8aa25f,7777777,0xCd37d407C9eE489ACfF2c014a426C797E0a3f03f,0,0,1751342343532092453,98179789227884358501,6308445215190562058,0,0,13095926493430576208,0,25403515734036384302,,6423290584084267255,70656725843011619941,5866211155220167205,227685246596390027923,227685246596390027923,227685246596390027923
1747165343,22476443,0x5dbac43d0033f30c601b49e9d220e6b7e55e967a5c68b65639f0f5c2ce6c642c,1135,0x31bb91fFb28b7b849a7e08a3fa7d31f393E78eFD,0,0,8687566093464903824,98179789227884358501,6308445215190562058,0,0,13095926493430576208,0,25403515734036384302,,6423290584084267255,70656725843011619941,5866211155220167205,234621470346322839294,234621470346322839294,234621470346322839294
1747229975,22481756,0x69621321168ee9c8011a6dd1c98cf622743c72f754e004a1687d1084437264cc,1923,0xCd37d407C9eE489ACfF2c014a426C797E0a3f03f,0,0,8687566093464903824,98179789227884358501,0,0,0,13095926493430576208,0,25403515734036384302,,6423290584084267255,70656725843011619941,5866211155220167205,228313025131132277236,228313025131132277236,202909509397095892934
1747229975,22481756,0x1e5e94079192ce0882fa8b8fe90c93cf64dbc19f509f813f92754b1e1a13212e,60808,0xCd37d407C9eE489ACfF2c014a426C797E0a3f03f,0,0,8687566093464903824,98179789227884358501,0,0,0,13095926493430576208,0,0,,6423290584084267255,70656725843011619941,5866211155220167205,202909509397095892934,202909509397095892934,202909509397095892934
1747229987,22481757,0x2a0c5f2b6ce1e346d4b51c41893f93229cad0d1e40997fa9448f4e002676b73d,888888888,0x31bb91fFb28b7b849a7e08a3fa7d31f393E78eFD,0,0,8687566093464903824,98179789227884358501,0,0,0,13095926493430576208,0,0,,6423290584084267255,70656725843011619941,0,197043298241875725729,197043298241875725729,197043298241875725729
1747230035,22481761,0x961367f7402c64849272f373026860e94f6cb2255851949f2c51d59f5083c093,1135,0x31bb91fFb28b7b849a7e08a3fa7d31f393E78eFD,0,0,0,98179789227884358501,0,0,0,13095926493430576208,0,0,,6423290584084267255,70656725843011619941,0,188355732148410821905,188355732148410821905,188355732148410821905
1747315319,22488782,0x7554f142adde0c78ab505542d2e4858876ee17d2fa37bc9ab119025564fa8332,42170,0x31bb91fFb28b7b849a7e08a3fa7d31f393E78eFD,0,0,0,98179789227884358501,0,0,0,0,0,0,,6423290584084267255,70656725843011619941,0,175259805654980245697,175259805654980245697,175259805654980245697
1747322855,22489402,0xea38947777e255aa38c90a832c523ab38510602bed973f4ee9bcf12b2206ec91,1868,0xea65940bb6C3691c83b86D3b7Fa7C8bbeABDA409,0,0,0,53298099677078256697,0,0,0,0,0,0,,6423290584084267255,70656725843011619941,0,130378116104174143893,130378116104174143893,130378116104174143893
1747323011,22489415,0x99f30e388516b6863e064a4513c4f2e11ec37e4d7ebd840687586ef9dfc4819a,543210,0x5A5e4b0944b59Ca16B8F0Ef9B5eC0258B3cad08B,0,0,0,53298099677078256697,0,0,0,0,0,0,,100000000000000,70656725843011619941,0,123954925520089876638,123954925520089876638,123954925520089876638
1747323263,22489436,0x096cdd244cb021c5a96c6bf1ede41368ccc36ddcf6faac2e2856022763557907,1868,0xea65940bb6C3691c83b86D3b7Fa7C8bbeABDA409,0,0,0,58510153900472825431,0,0,0,0,0,0,,100000000000000,70656725843011619941,0,129166979743484445372,129166979743484445372,129166979743484445372
1747323323,22489441,0xdd119ee4a9897737ce960921e37d846a1c0efffbda8c510fd95b2344f256b65a,1868,0xea65940bb6C3691c83b86D3b7Fa7C8bbeABDA409,0,0,0,53881517785650753830,0,0,0,0,0,0,,100000000000000,70656725843011619941,0,124538343628662373771,124538343628662373771,124538343628662373771
1747324559,22489542,0xb0196a11cd646744d3efc30a9746127fe6edf1d181b1ac8f30d9443a4183c1de,1868,0xea65940bb6C3691c83b86D3b7Fa7C8bbeABDA409,0,0,0,48550962110857170862,0,0,0,0,0,0,,100000000000000,70656725843011619941,0,119207787953868790803,119207787953868790803,119207787953868790803
1747324955,22489574,0x1764d3151656710eaaa9ff9d5019a46ed6de2504bf01abdb0a3c4772485d72a0,1868,0xea65940bb6C3691c83b86D3b7Fa7C8bbeABDA409,0,0,0,96793985796903555856,0,0,0,0,0,0,,100000000000000,70656725843011619941,0,167450811639915175797,167450811639915175797,167450811639915175797
1747326047,22489665,0x941dc1075f0b24c8195e272191848cc9109ca2656a9f02392e88e5389994abd1,1868,0xea65940bb6C3691c83b86D3b7Fa7C8bbeABDA409,0,0,0,91140013381365064994,0,0,0,0,0,0,,100000000000000,70656725843011619941,0,161796839224376684935,161796839224376684935,161796839224376684935
1747333343,22490267,0xc34a3048a52d2db6c42a1e44fee7922ccee9991670181dd5c1fb97cb907149d7,888888888,0x31bb91fFb28b7b849a7e08a3fa7d31f393E78eFD,0,0,0,91140013381365064994,0,0,0,0,0,0,,100000000000000,70656725843011619941,5140512662801419967,166937351887178104902,166937351887178104902,166937351887178104902
1747335323,22490430,0x1b7b81cb3fcb699042e005319b6c44883e03517e51f96d91037b8f0a1d095f9e,1868,0xea65940bb6C3691c83b86D3b7Fa7C8bbeABDA409,0,0,0,86187641935304051121,0,0,0,0,0,0,,100000000000000,70656725843011619941,5140512662801419967,161984980441117091029,161984980441117091029,161984980441117091029
1747336883,22490560,0x677d79d5d93bd20bbfbbbf5169f91bf371d3b07dd9f9ebe5c4a2dfd8c147a1d5,7560,0x31bb91fFb28b7b849a7e08a3fa7d31f393E78eFD,0,0,0,86187641935304051121,0,0,4635517538703922625,0,0,0,,100000000000000,70656725843011619941,5140512662801419967,166620497979821013654,166620497979821013654,166620497979821013654
1747337435,22490606,0x9a01dbf1fb1c2ec24b6a8279ac2440ec0da6b3d163755be8aa6d1d3cef9f3456,7560,0x31bb91fFb28b7b849a7e08a3fa7d31f393E78eFD,0,0,0,86187641935304051121,0,0,0,0,0,0,,100000000000000,70656725843011619941,5140512662801419967,161984980441117091029,161984980441117091029,161853229891193321389
1747337435,22490606,0x02d9f61bb7a292d78e13a76da9b9cff6b0be8a706912b532a31b2a8484034509,1868,0xea65940bb6C3691c83b86D3b7Fa7C8bbeABDA409,0,0,0,86055891385380281481,0,0,0,0,0,0,,100000000000000,70656725843011619941,5140512662801419967,161853229891193321389,161853229891193321389,161853229891193321389
1747349723,22491618,0x5739579b0b7c37b4f7b78022e0ed1cd29965e412f6967a25738d882a04729b0a,1868,0xea65940bb6C3691c83b86D3b7Fa7C8bbeABDA409,0,0,0,73610339739912723085,0,0,0,0,0,0,,100000000000000,70656725843011619941,5140512662801419967,149407678245725762993,149407678245725762993,149407678245725762993
1747350323,22491666,0xd517aafbec60fdd632ced6595ddb8d00d072ebcf85c31de14f20f8590f8e7570,1868,0xea65940bb6C3691c83b86D3b7Fa7C8bbeABDA409,0,0,0,58104326018003287375,0,0,0,0,0,0,,100000000000000,70656725843011619941,5140512662801419967,133901664523816327283,133901664523816327283,133901664523816327283
1747354883,22492042,0x7f24305f14074533760a91b890e80fa7dd91e2f765f1fc110b20b42ee5ea05e0,1135,0x31bb91fFb28b7b849a7e08a3fa7d31f393E78eFD,0,0,4544909003068400165,58104326018003287375,0,0,0,0,0,0,,100000000000000,70656725843011619941,5140512662801419967,138446573526884727448,138446573526884727448,138446573526884727448
1747359143,22492393,0x8760d634d732f3b363b67f3a1be4e43c74fadc04f14e9c1fe2b5ea74c8f4e057,1135,0x31bb91fFb28b7b849a7e08a3fa7d31f393E78eFD,0,0,0,58104326018003287375,0,0,0,0,0,0,,100000000000000,70656725843011619941,5140512662801419967,133901664523816327283,133901664523816327283,133901664523816327283
1747359335,22492408,0xf1948826ce6c2bc8fc4e147f02203899b6614e727f77d244ec601a3330b6b3b3,1868,0xea65940bb6C3691c83b86D3b7Fa7C8bbeABDA409,0,0,0,41722664389687061509,0,0,0,0,0,0,,100000000000000,70656725843011619941,5140512662801419967,117520002895500101417,117520002895500101417,117520002895500101417
1747371035,22493373,0xf80f368cebc963bf9f376f21fad83382a4081c17543a31021c97aabab397f6dd,1868,0xea65940bb6C3691c83b86D3b7Fa7C8bbeABDA409,0,0,0,36647624913456748759,0,0,0,0,0,0,,100000000000000,70656725843011619941,5140512662801419967,112444963419269788667,112444963419269788667,112444963419269788667
1747374035,22493622,0x0fe852d06836062364068601988282eca104e099fa63a08f6cf52df994c62ad2,7777777,0xCd37d407C9eE489ACfF2c014a426C797E0a3f03f,0,0,0,36647624913456748759,0,0,0,0,0,0,,100000000000000,75280755933134780610,5140512662801419967,117068993509392949336,117068993509392949336,117068993509392949336
1747378955,22494028,0xea8ed3e117b53d4a02e6e5add3e846909df95c06f0d1810de68966a359514f4d,1868,0xea65940bb6C3691c83b86D3b7Fa7C8bbeABDA409,0,0,0,47458133722520704787,0,0,0,0,0,0,,100000000000000,75280755933134780610,5140512662801419967,127879502318456905364,127879502318456905364,127879502318456905364
1747381343,22494224,0x8470e88ce5b93780971d993548b6c178c5f005ac13ee824b527ef374d0715f92,1135,0x31bb91fFb28b7b849a7e08a3fa7d31f393E78eFD,0,0,5857614854091835297,47458133722520704787,0,0,0,0,0,0,,100000000000000,75280755933134780610,5140512662801419967,133737117172548740661,133737117172548740661,133737117172548740661
1747387223,22494706,0x8f56bf59006eb7df091cb9d9f00acb1e9c84ee7b3bc9096119e63fd76136a452,1135,0x31bb91fFb28b7b849a7e08a3fa7d31f393E78eFD,0,0,645560630697266563,47458133722520704787,0,0,0,0,0,0,,100000000000000,75280755933134780610,5140512662801419967,128525062949154171927,128525062949154171927,128525062949154171927
1747387343,22494716,0xce98eb405145c4a1fac1f66f40f3e51e6a11acbfd99f3f955729322ad208687b,1868,0xea65940bb6C3691c83b86D3b7Fa7C8bbeABDA409,0,0,645560630697266563,51829302960903834617,0,0,0,0,0,0,,100000000000000,75280755933134780610,5140512662801419967,132896232187537301757,132896232187537301757,132896232187537301757
1747391723,22495076,0x06e7b2a31c198fa2355afeff491ad43c22c65fa43880fb0a4dc39624c61c622b,1135,0x31bb91fFb28b7b849a7e08a3fa7d31f393E78eFD,0,0,0,51829302960903834617,0,0,0,0,0,0,,100000000000000,75280755933134780610,5140512662801419967,132250671556840035194,132250671556840035194,123962617509731274187
1747391723,22495076,0xdd0822f022540f6968dec78e086a4255ab004953a25b9aaaed8004a618ce94e8,1868,0xea65940bb6C3691c83b86D3b7Fa7C8bbeABDA409,0,0,0,43541248913795073610,0,0,0,0,0,0,,100000000000000,75280755933134780610,5140512662801419967,123962617509731274187,123962617509731274187,123962617509731274187
1747416143,22497080,0x90d4aa63e18c5dda596e45dd7ab4293cd07cef9f0e08841b9eee675abfca18ce,1868,0xea65940bb6C3691c83b86D3b7Fa7C8bbeABDA409,0,0,0,48318041931004626467,0,0,0,0,0,0,,100000000000000,75280755933134780610,5140512662801419967,128739410526940827044,128739410526940827044,128739410526940827044
1747424423,22497764,0x31282c1e9a7618d351e6bac34d7001175a667796a3365168779c1dcf50c6c5d9,7777777,0xCd37d407C9eE489ACfF2c014a426C797E0a3f03f,0,0,0,48318041931004626467,0,0,0,0,0,0,,100000000000000,70454053823869091567,5140512662801419967,123912708417675138001,123912708417675138001,123912708417675138001
1747429235,22498162,0x1cbe36a13218c20c4a05bf98fab8e25b41292991b854feb851e3e091c81361c0,7777777,0xCd37d407C9eE489ACfF2c014a426C797E0a3f03f,0,0,0,48318041931004626467,0,0,0,0,0,0,,100000000000000,74964888229702738173,5140512662801419967,128423542823508784607,128423542823508784607,128423542823508784607
1747485635,22502815,0xc92b8ff55fe92dc149472e6e10bfd1a17da154b270f33a0a8f7c2e8cefa6806c,7777777,0xCd37d407C9eE489ACfF2c014a426C797E0a3f03f,0,0,0,48318041931004626467,0,0,0,0,0,0,,100000000000000,79581523574764738201,5140512662801419967,133040178168570784635,133040178168570784635,133040178168570784635
1747537259,22507076,0xb6a3c7946c468932ed4787c327920ab9b85b26a3610824bfd8bffa6c3d5ac0a7,7777777,0xCd37d407C9eE489ACfF2c014a426C797E0a3f03f,0,0,0,48318041931004626467,0,0,0,0,0,0,,100000000000000,84110927667721830948,5140512662801419967,137569582261527877382,137569582261527877382,137569582261527877382
1747579295,22510533,0x1a85c51ad46952e981947914f7dba5b6225627dfd7124fceccb9ce103b6481bc,1135,0x31bb91fFb28b7b849a7e08a3fa7d31f393E78eFD,0,0,4458857472688470564,48318041931004626467,0,0,0,0,0,0,,100000000000000,84110927667721830948,5140512662801419967,142028439734216347946,142028439734216347946,142028439734216347946
1747584155,22510933,0x5375c895120fc4b142a41cd3401ba67ca7ca16a0036ef91d0b78e8288c203472,1135,0x31bb91fFb28b7b849a7e08a3fa7d31f393E78eFD,0,0,9645000635677234287,48318041931004626467,0,0,0,0,0,0,,100000000000000,84110927667721830948,5140512662801419967,147214582897205111669,147214582897205111669,147214582897205111669
1747585247,22511023,0x4d7cd66c195906e43a4e886e2dbc1b41920ec055f1ca004f64d7e3a2938d81ea,7777777,0xCd37d407C9eE489ACfF2c014a426C797E0a3f03f,0,0,9645000635677234287,48318041931004626467,0,0,0,0,0,0,,100000000000000,88623610510184486988,5140512662801419967,151727265739667767709,151727265739667767709,151727265739667767709
1747644143,22515891,0x73912fc3a60dc1cdb9a26f8f48dbe3c76711d83f8a787234978da1f63d2ddb7a,1135,0x31bb91fFb28b7b849a7e08a3fa7d31f393E78eFD,0,0,18511121883406298568,48318041931004626467,0,0,0,0,0,0,,100000000000000,88623610510184486988,5140512662801419967,160593386987396831990,160593386987396831990,160593386987396831990
1747675283,22518456,0x8ff122605004661c1f85963a60b331cbbb0b9b88566eee9c7b09e9afe5f8083e,1135,0x31bb91fFb28b7b849a7e08a3fa7d31f393E78eFD,0,0,31153933181657056502,48318041931004626467,0,0,0,0,0,0,,100000000000000,88623610510184486988,5140512662801419967,173236198285647589924,173236198285647589924,173236198285647589924
1747682435,22519046,0x0235f756e5e7fcef635e6649e64cdb86697a927bdc8d00cfc6b629f528202ddb,7777777,0xCd37d407C9eE489ACfF2c014a426C797E0a3f03f,0,0,31153933181657056502,48318041931004626467,0,0,0,0,0,0,,100000000000000,97711465978133318107,5140512662801419967,182324053753596421043,182324053753596421043,182324053753596421043
1747710143,22521334,0xf56885ba7534c975adffcecc167c8f6cf7df1316a4bfd59cca0c7d248cf2caa7,1135,0x31bb91fFb28b7b849a7e08a3fa7d31f393E78eFD,0,0,40710712814999319624,48318041931004626467,0,0,0,0,0,0,,100000000000000,97711465978133318107,5140512662801419967,191880833386938684165,191880833386938684165,191880833386938684165
1747785743,22527568,0xebd031611a3603812d65a6fee16f5ecd51cb2e0a0e6141cb5a370a3bfbb63ecf,1135,0x31bb91fFb28b7b849a7e08a3fa7d31f393E78eFD,0,0,49714596677857072696,48318041931004626467,0,0,0,0,0,0,,100000000000000,97711465978133318107,5140512662801419967,200884717249796437237,200884717249796437237,200884717249796437237
1747804943,22529153,0x56eaccf272a4bdbd556117b212f5e31ef2eb5021f14e10ea2a6cf1c5151a0ee2,1868,0xea65940bb6C3691c83b86D3b7Fa7C8bbeABDA409,0,0,49714596677857072696,58875612475554315806,0,0,0,0,0,0,,100000000000000,97711465978133318107,5140512662801419967,211442287794346126576,211442287794346126576,211442287794346126576
1747836047,22531725,0xa0d53a84153328ac43ce9fd45db9e3fb75a362d702d9bd9db640c5a208b7e58e,1868,0xea65940bb6C3691c83b86D3b7Fa7C8bbeABDA409,0,0,49714596677857072696,39780711414822547889,0,0,0,0,0,0,,100000000000000,97711465978133318107,5140512662801419967,192347386733614358659,192347386733614358659,192347386733614358659
1747836539,22531766,0xeabdf580c0438e67e9341e80853ce6a8e230186e56911adb9288ac90671be210,1135,0x31bb91fFb28b7b849a7e08a3fa7d31f393E78eFD,0,0,37900968220405465044,39780711414822547889,0,0,0,0,0,0,,100000000000000,97711465978133318107,5140512662801419967,180533758276162751007,180533758276162751007,180533758276162751007
1747842083,22532224,0x6f7be4eadf7d9e6999d0f66911ed429b81630e5322ef2e9bebfe301c1c3aedc5,1868,0xea65940bb6C3691c83b86D3b7Fa7C8bbeABDA409,0,0,37900968220405465044,50008702678961312039,0,0,0,0,0,0,,100000000000000,97711465978133318107,5140512662801419967,190761749540301515157,190761749540301515157,190761749540301515157
1747842143,22532229,0xad87d84a956467c6c4a45b554329f1bf94855b6f695d5ab299506d29a3f626ae,888888888,0x31bb91fFb28b7b849a7e08a3fa7d31f393E78eFD,0,0,37900968220405465044,50008702678961312039,0,0,0,0,0,0,,100000000000000,97711465978133318107,14614943457550757746,200236180335050852936,200236180335050852936,200236180335050852936
1747870883,22534605,0xd476d663357e4102dc0e25b2b9bbf11489332a7d2b619f777ba686925c2f7cd3,1135,0x31bb91fFb28b7b849a7e08a3fa7d31f393E78eFD,0,0,48292017180965338057,50008702678961312039,0,0,0,0,0,0,,100000000000000,97711465978133318107,14614943457550757746,210627229295610725949,210627229295610725949,210627229295610725949
1747885343,22535800,0xa4a6c7585385e9823de657c4e0cfe35dd7856ef4d4c69f0537fe7d1ec35ed353,1135,0x31bb91fFb28b7b849a7e08a3fa7d31f393E78eFD,0,0,57808935729165716940,50008702678961312039,0,0,0,0,0,0,,100000000000000,97711465978133318107,14614943457550757746,220144147843811104832,220144147843811104832,220144147843811104832
1747905683,22537485,0x3617fd39cc34efc6d9c2581a9b91bebc936e4b3318025d10ed353308a2b9905f,1135,0x31bb91fFb28b7b849a7e08a3fa7d31f393E78eFD,0,0,88062140125560395742,50008702678961312039,0,0,0,0,0,0,,100000000000000,97711465978133318107,14614943457550757746,250397352240205783634,250397352240205783634,250397352240205783634
1747933847,22539820,0x26393bb4a6b8238f5f1f62be513c33d5c6b971a370def6ef8f19c88622c0412b,1135,0x31bb91fFb28b7b849a7e08a3fa7d31f393E78eFD,0,0,39819116439514010748,50008702678961312039,0,0,0,0,0,0,,100000000000000,97711465978133318107,14614943457550757746,202154328554159398640,202154328554159398640,202154328554159398640
1747934483,22539873,0x7f7f33f0db9324ec7b94e0af88f15163cf917b9c6cb0752af83ba89d510cef28,1135,0x31bb91fFb28b7b849a7e08a3fa7d31f393E78eFD,0,0,50663603190369230143,50008702678961312039,0,0,0,0,0,0,,100000000000000,97711465978133318107,14614943457550757746,212998815305014618035,212998815305014618035,212998815305014618035
1747941311,22540439,0x4bcd48af7072c360125c4fe13b52c5af88cf9c22d9dc7a43d42dd2ce2bef0a9c,1868,0xea65940bb6C3691c83b86D3b7Fa7C8bbeABDA409,0,0,50663603190369230143,44868190016159892072,0,0,0,0,0,0,,100000000000000,97711465978133318107,14614943457550757746,207858302642213198068,207858302642213198068,207858302642213198068
1747954943,22541564,0xdaf264d6e51848d84414e7110fe9ee432991d819bc31e7681e9975ac10eb5e79,1868,0xea65940bb6C3691c83b86D3b7Fa7C8bbeABDA409,0,0,50663603190369230143,54068810654413771337,0,0,0,0,0,0,,100000000000000,97711465978133318107,14614943457550757746,217058923280467077333,217058923280467077333,217058923280467077333
1747980923,22543717,0xd438fbfae9b95d319519c83c927251c6927f4b67308147430ce8c1a00ac9fed8,1135,0x31bb91fFb28b7b849a7e08a3fa7d31f393E78eFD,0,0,46118694187300829978,54068810654413771337,0,0,0,0,0,0,,100000000000000,97711465978133318107,14614943457550757746,212514014277398677168,212514014277398677168,212514014277398677168
1747985579,22544103,0x1532086f8e102cb14bdb780172f180c6094648bed8a5d9b4483b4116b50c03d5,1135,0x31bb91fFb28b7b849a7e08a3fa7d31f393E78eFD,0,0,41494664097177669309,54068810654413771337,0,0,0,0,0,0,,100000000000000,97711465978133318107,14614943457550757746,207889984187275516499,207889984187275516499,207889984187275516499
1747987523,22544260,0x885e3c7854bf7594567b5778c6a1c77e1f3456042781acae79c9281b8de6cac9,1868,0xea65940bb6C3691c83b86D3b7Fa7C8bbeABDA409,0,0,41494664097177669309,49433293115709848712,0,0,0,0,0,0,,100000000000000,97711465978133318107,14614943457550757746,203254466648571593874,203254466648571593874,203254466648571593874
1747991795,22544612,0xdd532adbf1499a2d3f6052b7ed7f51033f183d6b084734f4d1876359249225fc,1135,0x31bb91fFb28b7b849a7e08a3fa7d31f393E78eFD,0,0,30684155288113713281,49433293115709848712,0,0,0,0,0,0,,100000000000000,97711465978133318107,14614943457550757746,192443957839507637846,192443957839507637846,192443957839507637846
1747998743,22545190,0xfa421558db13313078c949224da40d429eeea7dff83058871eaa56e65856a3a3,1868,0xea65940bb6C3691c83b86D3b7Fa7C8bbeABDA409,0,0,30684155288113713281,45062123877326718882,0,0,0,0,0,0,,100000000000000,97711465978133318107,14614943457550757746,188072788601124508016,188072788601124508016,188072788601124508016
1747999091,22545219,0xd4e2d9941a56f3e9878bf689aa1a4d7ea2bb666d9ff104dabd2f5a15439e3eea,1868,0xea65940bb6C3691c83b86D3b7Fa7C8bbeABDA409,0,0,30684155288113713281,39204509023234883585,0,0,0,0,0,0,,100000000000000,97711465978133318107,14614943457550757746,182215173747032672719,182215173747032672719,182215173747032672719
1747999391,22545244,0x286bc37749b5588184eb1cfa61f177a559ef1d7598131d709b0861c16fe90c28,1923,0xCd37d407C9eE489ACfF2c014a426C797E0a3f03f,0,0,30684155288113713281,39204509023234883585,8822910505767012053,0,0,0,0,0,,100000000000000,97711465978133318107,14614943457550757746,191038084252799684772,191038084252799684772,191038084252799684772
1748017283,22546721,0xb7f3c09f42a406f053a9c830d935539f5c3ac88f93660bec9b2bb36cc36f839c,1868,0xea65940bb6C3691c83b86D3b7Fa7C8bbeABDA409,0,0,30684155288113713281,47992010098595193564,8822910505767012053,0,0,0,0,0,,100000000000000,97711465978133318107,14614943457550757746,199825585328159994751,199825585328159994751,199825585328159994751
1748027723,22547589,0xac9d63b07147a89112ab5eb700235c75a6e88887bab4f2e1ff25f2b357de4658,1923,0xCd37d407C9eE489ACfF2c014a426C797E0a3f03f,0,0,30684155288113713281,47992010098595193564,4046117488557459196,0,0,0,0,0,,100000000000000,97711465978133318107,14614943457550757746,195048792310950441894,195048792310950441894,195048792310950441894
1748052635,22549641,0xe8df47615cbcd7a068209a879248253e810a93365836845c422ef71d9719fc9a,1135,0x31bb91fFb28b7b849a7e08a3fa7d31f393E78eFD,0,0,26173320882280066675,47992010098595193564,4046117488557459196,0,0,0,0,0,,100000000000000,97711465978133318107,14614943457550757746,190537957905116795288,190537957905116795288,190537957905116795288
1748059343,22550195,0x7a65980e402a2a48b898b489309fd0d15574d007c6ab4e76ce0c80e467965411,60808,0xCd37d407C9eE489ACfF2c014a426C797E0a3f03f,0,0,26173320882280066675,47992010098595193564,4046117488557459196,0,0,0,0,9135945195044845899,,100000000000000,97711465978133318107,14614943457550757746,199673903100161641187,199673903100161641187,199673903100161641187
1748115371,22554822,0xb7b3d72960496de3a995cd12c8b6130634dba7b33359468e7637b0e36e06ef35,1135,0x31bb91fFb28b7b849a7e08a3fa7d31f393E78eFD,0,0,21556685537218066647,47992010098595193564,4046117488557459196,0,0,0,0,9135945195044845899,,100000000000000,97711465978133318107,14614943457550757746,195057267755099641159,195057267755099641159,195057267755099641159
1748139743,22556838,0xa5b049d99ab127ac905903b681c17b928df73ee4577f822bfae8395216584a25,1868,0xea65940bb6C3691c83b86D3b7Fa7C8bbeABDA409,0,0,21556685537218066647,57532300997903407180,4046117488557459196,0,0,0,0,9135945195044845899,,100000000000000,97711465978133318107,14614943457550757746,204597558654407854775,204597558654407854775,204597558654407854775
1748161223,22558608,0x65fe83edf289ce24528f15d216bb28a2a590e0d0b9df59d94cad9ac8439a361d,888888888,0x31bb91fFb28b7b849a7e08a3fa7d31f393E78eFD,0,0,21556685537218066647,57532300997903407180,4046117488557459196,0,0,0,0,9135945195044845899,,100000000000000,97711465978133318107,10085539364593664999,200068154561450762028,200068154561450762028,200068154561450762028
1748192723,22561211,0x8bea84dbcc465bc8f6727bd22eb7cf59c4a3623f92dcc271158bd5205191e8ae,60808,0xCd37d407C9eE489ACfF2c014a426C797E0a3f03f,0,0,21556685537218066647,57532300997903407180,4046117488557459196,0,0,0,0,4677087722356375335,,100000000000000,97711465978133318107,10085539364593664999,195609297088762291464,195609297088762291464,195609297088762291464
1748201723,22561952,0xae591f99e5a01126ad8044e6e346ecadf49db9c160f8bdf91fe7f2f214f01781,1923,0xCd37d407C9eE489ACfF2c014a426C797E0a3f03f,0,0,21556685537218066647,57532300997903407180,0,0,0,0,0,4677087722356375335,,100000000000000,97711465978133318107,10085539364593664999,191563179600204832268,191563179600204832268,191096614246299635424
1748201723,22561952,0xe245d71747f30aac803086f6509bf21c639ff63583841e88b81c6db5f6f814f3,1868,0xea65940bb6C3691c83b86D3b7Fa7C8bbeABDA409,0,0,21556685537218066647,57065735643998210336,0,0,0,0,0,4677087722356375335,,100000000000000,97711465978133318107,10085539364593664999,191096614246299635424,191096614246299635424,191096614246299635424
1748211995,22562802,0xf40e331da490a73ee1e0a0d1e60b1205bae1b9eb1a0da5e91280b45348c83b4c,1135,0x31bb91fFb28b7b849a7e08a3fa7d31f393E78eFD,0,0,16370542374229302924,57065735643998210336,0,0,0,0,0,4677087722356375335,,100000000000000,97711465978133318107,10085539364593664999,185910471083310871701,185910471083310871701,185910471083310871701
1748255723,22566404,0x2092b2a62519bf6731355627657c060bd01e09c24518eaadc893dfbb3f56ad35,1868,0xea65940bb6C3691c83b86D3b7Fa7C8bbeABDA409,0,0,16370542374229302924,48199614396269146055,0,0,0,0,0,4677087722356375335,,100000000000000,97711465978133318107,10085539364593664999,177044349835581807420,177044349835581807420,177044349835581807420
1748269343,22567529,0xea0aa49910a4274d71d8acc49710167e139203fed1621e2226ad2d50aafbf0ba,1135,0x31bb91fFb28b7b849a7e08a3fa7d31f393E78eFD,0,0,25209630789221648612,48199614396269146055,0,0,0,0,0,4677087722356375335,,100000000000000,97711465978133318107,10085539364593664999,185883438250574153108,185883438250574153108,185883438250574153108
1748299343,22570018,0x6d4805640935ce79780ff3a27e0213b6b05b886c289a73eec6c76112b7238cbe,1868,0xea65940bb6C3691c83b86D3b7Fa7C8bbeABDA409,0,0,25209630789221648612,57187194438590748220,0,0,0,0,0,4677087722356375335,,100000000000000,97711465978133318107,10085539364593664999,194871018292895755273,194871018292895755273,194871018292895755273
1748308235,22570755,0x08aa2e38c8394c0f40bc270b5396f7b56da5f7c19552a841e960f7143105d1ce,60808,0xCd37d407C9eE489ACfF2c014a426C797E0a3f03f,0,0,25209630789221648612,57187194438590748220,0,0,0,0,0,0,,100000000000000,97711465978133318107,10085539364593664999,190193930570539379938,190193930570539379938,182228206994644997339
1748308235,22570755,0xaadbe9af715ea723013c76fa651ab1f25eb01fc592a5aa34b59a5f62a5930df4,7777777,0xCd37d407C9eE489ACfF2c014a426C797E0a3f03f,0,0,25209630789221648612,57187194438590748220,0,0,0,0,0,0,,100000000000000,89745742402238935508,10085539364593664999,182228206994644997339,182228206994644997339,182228206994644997339
1748309723,22570877,0xa940537ef582c039400808195f2e0083b45e18b43a1295b6e7bd1781fc268134,1135,0x31bb91fFb28b7b849a7e08a3fa7d31f393E78eFD,0,0,16121775321272817493,57187194438590748220,0,0,0,0,0,0,,100000000000000,89745742402238935508,10085539364593664999,173140351526696166220,173140351526696166220,173140351526696166220
1748318123,22571574,0x65b27442caa1897fa77c5c87a71f9149b6bf0b4c12a4c1e955ca3cd8fe3659b1,1868,0xea65940bb6C3691c83b86D3b7Fa7C8bbeABDA409,0,0,16121775321272817493,47630414805248485098,0,0,0,0,0,0,,100000000000000,89745742402238935508,10085539364593664999,163583571893353903098,163583571893353903098,163583571893353903098
1748332943,22572803,0xb69af2278ce4ae0078adfa273bbff70bd700b1cd5084af3eba8ac33c2c69e58e,1135,0x31bb91fFb28b7b849a7e08a3fa7d31f393E78eFD,0,0,26565460659724005479,47630414805248485098,0,0,0,0,0,0,,100000000000000,89745742402238935508,10085539364593664999,174027257231805091084,174027257231805091084,174027257231805091084
1748352143,22574386,0x13875b7a8cda63cb69d884f5be0ecbb6dfa77e8663d16fec282fcc549fe5541c,1135,0x31bb91fFb28b7b849a7e08a3fa7d31f393E78eFD,0,0,35563139946338026925,47630414805248485098,0,0,0,0,0,0,,100000000000000,89745742402238935508,10085539364593664999,183024936518419112530,183024936518419112530,183024936518419112530
1748377283,22576475,0x92032dc63a4e79792d63bad0c72cb363adbe43f0a42cd58767818e7ef8494fa7,1868,0xea65940bb6C3691c83b86D3b7Fa7C8bbeABDA409,0,0,35563139946338026925,94632863909560353274,0,0,0,0,0,0,,100000000000000,89745742402238935508,10085539364593664999,230027385622730980706,230027385622730980706,230027385622730980706
1748410883,22579248,0xf5c8d2d279de94c53ee8e2cf418e98b95f0d865a83479e3668e6fb616f30b5ca,1868,0xea65940bb6C3691c83b86D3b7Fa7C8bbeABDA409,0,0,35563139946338026925,85628980046702600202,0,0,0,0,0,0,,100000000000000,89745742402238935508,10085539364593664999,221023501759873227634,221023501759873227634,221023501759873227634
1748417123,22579763,0xa2c5cbbcad8b3df7e088ecc69df374208411d6a3029849817680e0cc63f0c161,1868,0xea65940bb6C3691c83b86D3b7Fa7C8bbeABDA409,0,0,35563139946338026925,75071409502152910863,0,0,0,0,0,0,,100000000000000,89745742402238935508,10085539364593664999,210465931215323538295,210465931215323538295,210465931215323538295
1748453135,22582732,0x362fd03b8635ce4db7c18a0484d63e504a891f61eba6d6b46973aa5b1120f9fa,1135,0x31bb91fFb28b7b849a7e08a3fa7d31f393E78eFD,0,0,15860717887449924996,75071409502152910863,0,0,0,0,0,0,,100000000000000,89745742402238935508,10085539364593664999,190763509156435436366,190763509156435436366,190763509156435436366
1748456543,22583014,0xfe35618daa8aecd29dde588751229e3a83c72080841d00ca1aa66a9dc08f414d,7777777,0xCd37d407C9eE489ACfF2c014a426C797E0a3f03f,0,0,15860717887449924996,75071409502152910863,0,0,0,0,0,0,,100000000000000,50900614333240510736,10085539364593664999,241664123489675947102,151918381087437011594,241664123489675947102
1748493635,22586086,0x6f7ba076e1399e04387e9bd17fa80a9e9fd0a355d24accc3e9e0440bad51382e,1135,0x31bb91fFb28b7b849a7e08a3fa7d31f393E78eFD,0,0,5469668926890051983,75071409502152910863,0,0,0,0,0,0,,100000000000000,50900614333240510736,10085539364593664999,231273074529116074089,141527332126877138581,231273074529116074089
1748513771,22587752,0x57068ca579cfe9deeb7fc268745cd756f87f2b03525ff695e8a01a8c1033d2cc,1135,0x31bb91fFb28b7b849a7e08a3fa7d31f393E78eFD,0,0,0,75071409502152910863,0,0,0,0,0,0,,100000000000000,50900614333240510736,10085539364593664999,225803405602226022106,136057663199987086598,191502951584521016404
1748513771,22587752,0x9573c684025f1653bb776681d1deda40a578a464138e33e8d688dc7d588853de,1868,0xea65940bb6C3691c83b86D3b7Fa7C8bbeABDA409,0,0,0,40770955484447905161,0,0,0,0,0,0,,100000000000000,50900614333240510736,10085539364593664999,191502951584521016404,101757209182282080896,191502951584521016404
1748558711,22591461,0x6e66aabeb5c309dcbb88420a63729590ccedd4a11a443e51fa38ff5296c05c0b,7777777,0xCd37d407C9eE489ACfF2c014a426C797E0a3f03f,0,0,0,40770955484447905161,0,0,0,0,0,0,,100000000000000,40056127582385291341,10085539364593664999,180658464833665797009,90912722431426861501,180658464833665797009
1748568611,22592284,0x752e715aaafe7ac9bd04b51dc75246b9061d527a0033ee1c962dad7f5da62eca,1868,0xea65940bb6C3691c83b86D3b7Fa7C8bbeABDA409,0,0,0,31570334846194025896,0,0,0,0,0,0,,100000000000000,40056127582385291341,10085539364593664999,171457844195411917744,81712101793172982236,171457844195411917744
1748609411,22595657,0x52b8b9688fba2115ab8d5dab4f12afd8bb6672f64dd85ee4164dc53cf81c31a9,1868,0xea65940bb6C3691c83b86D3b7Fa7C8bbeABDA409,0,0,0,22747424340427013843,0,0,0,0,0,0,,100000000000000,40056127582385291341,10085539364593664999,162634933689644905691,72889191287405970183,162634933689644905691
1748626343,22597062,0xf84ea7dc8d662e443ac7422a4da090c4b61ac11fb9816079a659f0995af9b227,1868,0xea65940bb6C3691c83b86D3b7Fa7C8bbeABDA409,0,0,0,13959923265066703864,0,0,0,0,0,0,,100000000000000,40056127582385291341,10085539364593664999,153847432614284595712,64101690212045660204,153847432614284595712
1748681123,22601602,0x6edf187b123f693ed2f8782fadcc3d83e97b8cc64a7d96629a93aba8bfe4fd0b,1868,0xea65940bb6C3691c83b86D3b7Fa7C8bbeABDA409,0,0,0,4823978070021857965,0,0,0,0,0,0,,100000000000000,40056127582385291341,10085539364593664999,144711487419239749813,54965745017000814305,144711487419239749813
1748712155,22604165,0x06b637d9e77fcce452e5e57e47d00bb077c28b2d48a4af0687efb61142500b82,1868,0xea65940bb6C3691c83b86D3b7Fa7C8bbeABDA409,0,0,0,56021259550371315273,0,0,0,0,0,0,,100000000000000,40056127582385291341,10085539364593664999,195908768899589207121,106163026497350271613,195908768899589207121
1748748755,22607194,0x3e91c50eb66e6adcb62c7f19640737d1c0c29f386f76e448eb1e8512b59a14fa,888888888,0x31bb91fFb28b7b849a7e08a3fa7d31f393E78eFD,0,0,0,56021259550371315273,0,0,0,0,0,0,,100000000000000,40056127582385291341,545248465285451383,186368478000280993505,96622735598042057997,186368478000280993505
1748882411,22618237,0x138bf64fbef2161b0c49838bfedc8f7bb7a1e835a50d83634bd56d36143d2eb4,1868,0xea65940bb6C3691c83b86D3b7Fa7C8bbeABDA409,0,0,0,47182171135378969585,0,0,0,0,0,0,,100000000000000,40056127582385291341,545248465285451383,177529389585288647817,87783647183049712309,177529389585288647817
1748883743,22618346,0xa5212dc67f45227b1f141ab3a1111d22f2d60a0c52ba75d588f39e4e00b27709,1868,0xea65940bb6C3691c83b86D3b7Fa7C8bbeABDA409,0,0,0,97855962439694655130,0,0,0,0,0,0,,100000000000000,40056127582385291341,545248465285451383,228203180889604333362,138457438487365397854,228203180889604333362
1748907419,22620299,0x64996c7e4a1406fd45f31dd5f89280437497652e986cc77beb5d47b2def53b1f,888888888,0x31bb91fFb28b7b849a7e08a3fa7d31f393E78eFD,0,0,0,97855962439694655130,0,0,0,0,0,0,,100000000000000,40056127582385291341,0,227657932424318881979,137912190022079946471,227657932424318881979
1748907911,22620340,0xfb5ee9e91df49cd1a23dc5c7eb3e3891aa6bbd226ee749a11badf2e8dcc9fcd7,1868,0xea65940bb6C3691c83b86D3b7Fa7C8bbeABDA409,0,0,0,89413630862658504348,0,0,0,0,0,0,,100000000000000,40056127582385291341,0,219215600847282731197,129469858445043795689,219215600847282731197
1748948111,22623663,0xbc11ec8cdbad5671165ee051b36139eebf0fd31f8ee71ac711f3fa6d65c5d611,1868,0xea65940bb6C3691c83b86D3b7Fa7C8bbeABDA409,0,0,0,78969945524207316362,0,0,0,0,0,0,,100000000000000,40056127582385291341,0,208771915508831543211,119026173106592607703,208771915508831543211
1748973023,22625727,0x6febe4be6a7e936a8dc4c61708d00e2361e5581921c04ae3b69a62f17c7fbc84,1868,0xea65940bb6C3691c83b86D3b7Fa7C8bbeABDA409,0,0,0,69972266237593294916,0,0,0,0,0,0,,100000000000000,40056127582385291341,0,199774236222217521765,110028493819978586257,199774236222217521765
1748986811,22626869,0xa2cdbaff40075c61c6eb16d824c6048d52d9bd6ee337c018de37d2215efc3e8c,1868,0xea65940bb6C3691c83b86D3b7Fa7C8bbeABDA409,0,0,0,22969817133281426740,0,0,0,0,0,0,,100000000000000,40056127582385291341,0,152771787117905653589,63026044715666718081,152771787117905653589
1748988095,22626975,0xd6e42776703bc6a5df1823255b69d11e46a9e60b8d0002e04c3a42e4a928e81b,1868,0xea65940bb6C3691c83b86D3b7Fa7C8bbeABDA409,0,0,0,78429774358271828809,0,0,0,0,0,0,,100000000000000,40056127582385291341,0,208231744342896055658,118486001940657120150,208231744342896055658
1749129743,22638675,0x157a22860f8e49e4f43a6cc90c72159d06c668b9ac6744a0e42d92fb459bf3cb,7777777,0xCd37d407C9eE489ACfF2c014a426C797E0a3f03f,0,0,0,78429774358271828809,0,0,0,0,0,0,,100000000000000,82451535531136607598,0,250627152291647371915,160881409889408436407,250627152291647371915
1749325811,22654906,0x35ff801162d833af1e5f9bc936ad4af72a1bc8c95200dde2c75542d24ddb82fc,1868,0xea65940bb6C3691c83b86D3b7Fa7C8bbeABDA409,0,0,0,27232492877922371501,0,0,0,0,0,0,,100000000000000,82451535531136607598,0,199429870811297914607,109684128409058979099,199429870811297914607
1749326483,22654962,0x3886d9fe0a5eaec205cce366390c30beff308445c1a3f7dd2df10116a6ae9090,60808,0xCd37d407C9eE489ACfF2c014a426C797E0a3f03f,0,0,0,27232492877922371501,0,0,0,0,0,24877540613131847074,,100000000000000,82451535531136607598,0,224307411424429761681,134561669022190826173,224307411424429761681
1749364883,22658146,0x1e07508cfa369b32a640a0d884106200efb67ce576d1a90da21a384b5a12ad0c,1868,0xea65940bb6C3691c83b86D3b7Fa7C8bbeABDA409,0,0,0,51595414508323155611,0,0,0,0,0,24877540613131847074,,100000000000000,82451535531136607598,0,248670333054830545791,158924590652591610283,248670333054830545791
1749492311,22668689,0xecdc301938c6038e8f47772c9bf753b992883e6e7da5b0e6340a00612a25224f,7777777,0xCd37d407C9eE489ACfF2c014a426C797E0a3f03f,0,0,0,51595414508323155611,0,0,0,0,0,24877540613131847074,,100000000000000,31777744226820922053,0,197996541750514860246,108250799348275924738,197996541750514860246
1749493343,22668775,0x58837635206ad80512cb9de80b2cff96249b50f57a984794e0ff0828cc9729c6,7777777,0xCd37d407C9eE489ACfF2c014a426C797E0a3f03f,0,0,0,51595414508323155611,0,0,0,0,0,24877540613131847074,,100000000000000,59146698276186447373,0,225365495799880385566,135619753397641450058,225365495799880385566
1749541283,22672735,0x7ee8882a86571086549e4ecb167ec5a77d95c180aa8ee3482dcb73de7a9b2a43,1868,0xea65940bb6C3691c83b86D3b7Fa7C8bbeABDA409,0,0,0,75035358985319543001,0,0,0,0,0,24877540613131847074,,100000000000000,59146698276186447373,0,248805440276876772956,159059697874637837448,248805440276876772956
1749838631,22697374,0x4b4cc7faceede0c8eb82d9ceac6db9b6a90132d0446cddf029345119991e586d,60808,0xCd37d407C9eE489ACfF2c014a426C797E0a3f03f,0,0,0,75035358985319543001,0,0,0,0,0,0,,100000000000000,59146698276186447373,0,223927899663744925882,134182157261505990374,223927899663744925882
1749839603,22697455,0xebc07387c8e8e07b44e7acb5195b33b4a645f856950b9d80d2393a25fd8e4544,1868,0xea65940bb6C3691c83b86D3b7Fa7C8bbeABDA409,0,0,0,6935204856584477086,0,0,0,0,0,0,,100000000000000,59146698276186447373,0,155827745535009859967,66082003132770924459,155827745535009859967
1749840095,22697496,0xc2b975be9f8d67e14a31ed82f0829de828974a43d9fc9628e1fc00f39e2f2a0f,1868,0xea65940bb6C3691c83b86D3b7Fa7C8bbeABDA409,0,0,0,74057740844536005877,0,0,0,0,0,0,,100000000000000,59146698276186447373,0,222950281522961388758,133204539120722453250,222950281522961388758
1749905099,22702875,0x5f5d44402e695ea667f7c3a5ba37a56a41f6ea804a1140ea96e357d00634b6af,7777777,0xCd37d407C9eE489ACfF2c014a426C797E0a3f03f,0,0,0,74057740844536005877,0,0,0,0,0,0,,100000000000000,82545773651315324007,0,246349356898090265392,156603614495851329884,246349356898090265392
1750096739,22718723,0xfb560d18fab0472d8bb9c3f47119d41b960b4bc6ee621e4d6d294761f9eb4269,7777777,0xCd37d407C9eE489ACfF2c014a426C797E0a3f03f,0,0,0,74057740844536005877,0,0,0,0,0,0,,100000000000000,0,0,163803583246774941385,74057840844536005877,163803583246774941385
1750134143,22721817,0x99a19b16db1eab1c030c3e089dbcc9230f28155da968311a400acfa5d962a637,1135,0x31bb91fFb28b7b849a7e08a3fa7d31f393E78eFD,0,0,37517737516876510920,74057740844536005877,0,0,0,0,0,0,,100000000000000,0,0,201321320763651452305,111575578361412516797,201321320763651452305
1750173755,22725090,0xd84fdf16c7021d5793cc74e01e98fdf152b86b42d1aebcb65867a8d250b69dbc,1868,0xea65940bb6C3691c83b86D3b7Fa7C8bbeABDA409,0,0,37517737516876510920,0,0,0,0,0,0,0,,100000000000000,0,0,127263579919115446428,37517837516876510920,109061509659304047094
1750173755,22725090,0x1bfd47d53f27f414860c3660952ec40099dcd86796d9443e31c8296ed367d99d,1135,0x31bb91fFb28b7b849a7e08a3fa7d31f393E78eFD,0,0,19315667257065111586,0,0,0,0,0,0,0,,100000000000000,0,0,109061509659304047094,19315767257065111586,109061509659304047094
1750174943,22725189,0x65a8673c284e106b58288819c89daa90e92771bc816e50952865a19ec367da08,1868,0xea65940bb6C3691c83b86D3b7Fa7C8bbeABDA409,0,0,19315667257065111586,36797577495384837814,0,0,0,0,0,0,,100000000000000,0,0,145859087154688884908,56113344752449949400,145859087154688884908
1750187003,22726183,0x04b8c5c09d7a1dd8c4842d9e67b2a7ccb0ecea89c5eadaa822c6640083d05f64,1135,0x31bb91fFb28b7b849a7e08a3fa7d31f393E78eFD,0,0,45848354759791080838,36797577495384837814,0,0,0,0,0,0,,100000000000000,0,0,172391774657414854160,82646032255175918652,172391774657414854160
1750309283,22736304,0xd4596673a395f4e14881b8adbb9ea8f5609662802819326e27d38c033d944f06,1868,0xea65940bb6C3691c83b86D3b7Fa7C8bbeABDA409,0,0,45848354759791080838,72710201266063535797,0,0,0,0,0,0,,100000000000000,0,0,208304398428093552143,118558656025854616635,208304398428093552143
1750314155,22736708,0x85d28f3c2d08110e6bc3861f9b6ad7c7f395565dee3bab763c67d558f6cb2f1d,1135,0x31bb91fFb28b7b849a7e08a3fa7d31f393E78eFD,0,0,69330716518957831920,72710201266063535797,0,0,0,0,0,0,,100000000000000,0,0,231786760187260303225,142041017785021367717,231786760187260303225
1750692035,22767984,0x4ddee3202041e0f8865646306bfe7b66f6294f10a772d56269a9d9bb9301d1c1,1135,0x31bb91fFb28b7b849a7e08a3fa7d31f393E78eFD,0,0,2208180531006303129,72710201266063535797,0,0,0,0,0,0,,100000000000000,0,0,164664224199308774434,74918481797069838926,164664224199308774434
1750695011,22768230,0x40f04332ac5afb670137997ddd6491f127845633928b10b80c94ce7dd33d5d88,1868,0xea65940bb6C3691c83b86D3b7Fa7C8bbeABDA409,0,0,2208180531006303129,2945839267946694220,0,0,0,0,0,0,,100000000000000,0,0,94899862201191932857,5154119798952997349,94899862201191932857
1750695335,22768257,0x9dc16e38027b9d31584195ac458e4cf6e91c536bce541041a35e6e8321af0c26,1868,0xea65940bb6C3691c83b86D3b7Fa7C8bbeABDA409,0,0,2208180531006303129,0,0,0,0,0,0,0,,100000000000000,0,0,91954022933245238637,2208280531006303129,91954022933245238637
1750695611,22768279,0xc07509e8914de256f564bdb3ee16494882a8bcd475ac83a201d0fa8e8f34f825,1135,0x31bb91fFb28b7b849a7e08a3fa7d31f393E78eFD,0,0,0,0,0,0,0,0,0,0,,100000000000000,0,0,89745842402238935508,100000000000000,89745842402238935508
1750699895,22768634,0x4dd505fe6c7380df86b68cecb5faaf33bddb3ff25cda0209a1233d40004d7b23,1868,0xea65940bb6C3691c83b86D3b7Fa7C8bbeABDA409,0,0,0,51224563701893199908,0,0,0,0,0,0,,100000000000000,0,0,140970406104132135416,51224663701893199908,140970406104132135416
1750700087,22768650,0xa4fe615cb33d8e491bbf20ad069c72e89bfe16279a793c1368750a2eb0cd6f1c,1868,0xea65940bb6C3691c83b86D3b7Fa7C8bbeABDA409,0,0,0,32979508125717320623,0,0,0,0,0,0,,100000000000000,0,0,122725350527956256131,32979608125717320623,122725350527956256131
1750806275,22777455,0x217b58444c776158bfe80474879a780cc6286327ebb74506b160f7a1ac5d3a9e,1868,0xea65940bb6C3691c83b86D3b7Fa7C8bbeABDA409,0,0,0,0,0,0,0,0,0,0,,100000000000000,0,0,89745842402238935508,100000000000000,89745842402238935508
1750962911,22790438,0x2f07b296edf69c8f363d5635ff2293849c8ac0fc0a31ac1642cbe48758d1c9af,1923,0xCd37d407C9eE489ACfF2c014a426C797E0a3f03f,0,0,0,0,89745742402238935508,0,0,0,0,0,,100000000000000,0,0,179491584804477871016,89745842402238935508,89745842402238935508
1750962911,22790438,0x2f07b296edf69c8f363d5635ff2293849c8ac0fc0a31ac1642cbe48758d1c9af,1923,0xCd37d407C9eE489ACfF2c014a426C797E0a3f03f,0,0,0,0,0,0,0,0,0,0,,100000000000000,0,0,89745842402238935508,100000000000000,89745842402238935508
